time_ms,channel,freq_mhz,samples,detected,occupancy_pct,alert,mode
74,1,2401.0,50,18,36,1,FULL
106,2,2402.0,50,16,32,1,FULL
139,3,2403.0,50,11,22,1,FULL
172,4,2404.0,50,12,24,1,FULL
204,5,2405.0,50,4,8,0,FULL
237,6,2406.0,50,1,2,0,FULL
301,8,2408.0,50,3,6,0,FULL
333,9,2409.0,50,4,8,0,FULL
365,10,2410.0,50,1,2,0,FULL
398,11,2411.0,50,4,8,0,FULL
431,12,2412.0,50,1,2,0,FULL
463,13,2413.0,50,1,2,0,FULL
495,14,2414.0,50,5,10,0,FULL
622,18,2418.0,50,4,8,0,FULL
655,19,2419.0,50,4,8,0,FULL
688,20,2420.0,50,1,2,0,FULL
783,23,2423.0,50,19,38,1,FULL
847,25,2425.0,50,12,24,1,FULL
880,26,2426.0,50,13,26,1,FULL
912,27,2427.0,50,18,36,1,FULL
945,28,2428.0,50,19,38,1,FULL
1009,30,2430.0,50,1,2,0,FULL
1230,37,2437.0,50,5,10,0,FULL
1294,39,2439.0,50,1,2,0,FULL
1327,40,2440.0,50,4,8,0,FULL
1485,45,2445.0,50,1,2,0,FULL
1581,48,2448.0,50,1,2,0,FULL
1645,50,2450.0,50,2,4,0,FULL
1677,51,2451.0,50,1,2,0,FULL
1710,52,2452.0,50,1,2,0,FULL
1742,53,2453.0,50,1,2,0,FULL
1995,61,2461.0,50,1,2,0,FULL
2499,77,2477.0,50,18,36,1,FULL
2564,79,2479.0,50,10,20,1,FULL
2596,80,2480.0,50,13,26,1,FULL
2629,81,2481.0,50,18,36,1,FULL
2662,82,2482.0,50,19,38,1,FULL
2694,83,2483.0,50,1,2,0,FULL
2758,85,2485.0,50,1,2,0,FULL
2791,86,2486.0,50,1,2,0,FULL
3483,108,2508.0,50,1,2,0,FULL
5051,0,2400.0,50,1,2,0,FULL
5084,1,2401.0,50,18,36,1,FULL
5116,2,2402.0,50,18,36,1,FULL
5148,3,2403.0,50,15,30,1,FULL
5181,4,2404.0,50,10,20,1,FULL
5214,5,2405.0,50,4,8,0,FULL
5278,7,2407.0,50,2,4,0,FULL
5310,8,2408.0,50,3,6,0,FULL
5374,10,2410.0,50,2,4,0,FULL
5438,12,2412.0,50,4,8,0,FULL
5471,13,2413.0,50,2,4,0,FULL
5504,14,2414.0,50,7,14,0,FULL
5536,15,2415.0,50,5,10,0,FULL
5569,16,2416.0,50,1,2,0,FULL
5601,17,2417.0,50,1,2,0,FULL
5634,18,2418.0,50,4,8,0,FULL
5666,19,2419.0,50,1,2,0,FULL
5699,20,2420.0,50,1,2,0,FULL
5794,23,2423.0,50,15,30,1,FULL
5859,25,2425.0,50,18,36,1,FULL
5892,26,2426.0,50,15,30,1,FULL
5923,27,2427.0,50,11,22,1,FULL
5956,28,2428.0,50,15,30,1,FULL
6178,35,2435.0,50,1,2,0,FULL
6242,37,2437.0,50,2,4,0,FULL
6306,39,2439.0,50,4,8,0,FULL
6558,47,2447.0,50,1,2,0,FULL
6623,49,2449.0,50,3,6,0,FULL
6656,50,2450.0,50,1,2,0,FULL
6687,51,2451.0,50,1,2,0,FULL
6720,52,2452.0,50,2,4,0,FULL
7507,77,2477.0,50,20,40,1,FULL
7572,79,2479.0,50,14,28,1,FULL
7605,80,2480.0,50,11,22,1,FULL
7638,81,2481.0,50,14,28,1,FULL
7669,82,2482.0,50,19,38,1,FULL
7702,83,2483.0,50,1,2,0,FULL
7735,84,2484.0,50,1,2,0,FULL
7768,85,2485.0,50,1,2,0,FULL
8712,115,2515.0,50,1,2,0,FULL
10091,1,2401.0,50,16,32,1,FULL
10123,2,2402.0,50,17,34,1,FULL
10156,3,2403.0,50,19,38,1,FULL
10188,4,2404.0,50,13,26,1,FULL
10285,7,2407.0,50,1,2,0,FULL
10316,8,2408.0,50,4,8,0,FULL
10349,9,2409.0,50,3,6,0,FULL
10382,10,2410.0,50,2,4,0,FULL
10445,12,2412.0,50,3,6,0,FULL
10478,13,2413.0,50,1,2,0,FULL
10511,14,2414.0,50,1,2,0,FULL
10544,15,2415.0,50,3,6,0,FULL
10608,17,2417.0,50,2,4,0,FULL
10640,18,2418.0,50,1,2,0,FULL
10673,19,2419.0,50,1,2,0,FULL
10800,23,2423.0,50,17,34,1,FULL
10864,25,2425.0,50,18,36,1,FULL
10897,26,2426.0,50,13,26,1,FULL
10930,27,2427.0,50,11,22,1,FULL
10962,28,2428.0,50,15,30,1,FULL
11026,30,2430.0,50,1,2,0,FULL
11279,38,2438.0,50,1,2,0,FULL
11374,41,2441.0,50,4,8,0,FULL
11407,42,2442.0,50,1,2,0,FULL
11440,43,2443.0,50,1,2,0,FULL
11567,47,2447.0,50,1,2,0,FULL
11631,49,2449.0,50,1,2,0,FULL
11664,50,2450.0,50,2,4,0,FULL
11727,52,2452.0,50,2,4,0,FULL
11760,53,2453.0,50,1,2,0,FULL
12170,66,2466.0,50,1,2,0,FULL
12328,71,2471.0,50,1,2,0,FULL
12518,77,2477.0,50,12,24,1,FULL
12582,79,2479.0,50,20,40,1,FULL
12615,80,2480.0,50,16,32,1,FULL
12648,81,2481.0,50,10,20,1,FULL
12681,82,2482.0,50,11,22,1,FULL
12776,85,2485.0,50,1,2,0,FULL
15098,1,2401.0,50,13,26,1,FULL
15131,2,2402.0,50,18,36,1,FULL
15164,3,2403.0,50,18,36,1,FULL
15196,4,2404.0,50,15,30,1,FULL
15292,7,2407.0,50,2,4,0,FULL
15355,9,2409.0,50,5,10,0,FULL
15420,11,2411.0,50,1,2,0,FULL
15453,12,2412.0,50,3,6,0,FULL
15548,15,2415.0,50,4,8,0,FULL
15581,16,2416.0,50,1,2,0,FULL
15613,17,2417.0,50,1,2,0,FULL
15645,18,2418.0,50,1,2,0,FULL
15678,19,2419.0,50,3,6,0,FULL
15805,23,2423.0,50,17,34,1,FULL
15869,25,2425.0,50,19,38,1,FULL
15902,26,2426.0,50,13,26,1,FULL
15935,27,2427.0,50,10,20,1,FULL
15968,28,2428.0,50,15,30,1,FULL
16221,36,2436.0,50,1,2,0,FULL
16284,38,2438.0,50,4,8,0,FULL
16380,41,2441.0,50,3,6,0,FULL
16570,47,2447.0,50,1,2,0,FULL
16633,49,2449.0,50,2,4,0,FULL
16698,51,2451.0,50,1,2,0,FULL
16731,52,2452.0,50,2,4,0,FULL
16794,54,2454.0,50,1,2,0,FULL
16890,57,2457.0,50,1,2,0,FULL
16923,58,2458.0,50,1,2,0,FULL
16987,60,2460.0,50,1,2,0,FULL
17460,75,2475.0,50,1,2,0,FULL
17523,77,2477.0,50,13,26,1,FULL
17588,79,2479.0,50,18,36,1,FULL
17620,80,2480.0,50,14,28,1,FULL
17653,81,2481.0,50,10,20,1,FULL
17686,82,2482.0,50,14,28,1,FULL
17751,84,2484.0,50,2,4,0,FULL
17878,88,2488.0,50,1,2,0,FULL
18035,93,2493.0,50,1,2,0,FULL
18477,107,2507.0,50,1,2,0,FULL
18918,121,2521.0,50,1,2,0,FULL
20109,1,2401.0,50,10,20,1,FULL
20141,2,2402.0,50,13,26,1,FULL
20173,3,2403.0,50,18,36,1,FULL
20206,4,2404.0,50,17,34,1,FULL
20239,5,2405.0,50,1,2,0,FULL
20272,6,2406.0,50,4,8,0,FULL
20335,8,2408.0,50,2,4,0,FULL
20368,9,2409.0,50,4,8,0,FULL
20432,11,2411.0,50,11,22,1,FULL
20465,12,2412.0,50,5,10,0,FULL
20529,14,2414.0,50,1,2,0,FULL
20561,15,2415.0,50,1,2,0,FULL
20594,16,2416.0,50,3,6,0,FULL
20627,17,2417.0,50,1,2,0,FULL
20660,18,2418.0,50,7,14,0,FULL
20691,19,2419.0,50,4,8,0,FULL
20724,20,2420.0,50,2,4,0,FULL
20820,23,2423.0,50,16,32,1,FULL
20884,25,2425.0,50,15,30,1,FULL
20917,26,2426.0,50,20,40,1,FULL
20950,27,2427.0,50,21,42,1,FULL
20982,28,2428.0,50,16,32,1,FULL
21203,35,2435.0,50,4,8,0,FULL
21300,38,2438.0,50,4,8,0,FULL
21489,44,2444.0,50,5,10,0,FULL
21584,47,2447.0,50,1,2,0,FULL
21649,49,2449.0,50,2,4,0,FULL
21682,50,2450.0,50,1,2,0,FULL
21714,51,2451.0,50,2,4,0,FULL
21746,52,2452.0,50,1,2,0,FULL
21779,53,2453.0,50,1,2,0,FULL
21812,54,2454.0,50,1,2,0,FULL
21907,57,2457.0,50,1,2,0,FULL
21940,58,2458.0,50,2,4,0,FULL
21972,59,2459.0,50,1,2,0,FULL
22005,60,2460.0,50,1,2,0,FULL
22541,77,2477.0,50,19,38,1,FULL
22605,79,2479.0,50,11,22,1,FULL
22638,80,2480.0,50,12,24,1,FULL
22671,81,2481.0,50,20,40,1,FULL
22704,82,2482.0,50,17,34,1,FULL
22987,91,2491.0,50,1,2,0,FULL
23460,106,2506.0,50,1,2,0,FULL
23996,123,2523.0,50,1,2,0,FULL
25123,1,2401.0,50,18,36,1,FULL
25156,2,2402.0,50,19,38,1,FULL
25189,3,2403.0,50,13,26,1,FULL
25222,4,2404.0,50,9,18,0,FULL
25285,6,2406.0,50,1,2,0,FULL
25350,8,2408.0,50,1,2,0,FULL
25381,9,2409.0,50,4,8,0,FULL
25446,11,2411.0,50,2,4,0,FULL
25479,12,2412.0,50,1,2,0,FULL
25542,14,2414.0,50,1,2,0,FULL
25607,16,2416.0,50,5,10,0,FULL
25639,17,2417.0,50,1,2,0,FULL
25703,19,2419.0,50,4,8,0,FULL
25830,23,2423.0,50,19,38,1,FULL
25863,24,2424.0,50,2,4,0,FULL
25895,25,2425.0,50,13,26,1,FULL
25928,26,2426.0,50,13,26,1,FULL
25961,27,2427.0,50,17,34,1,FULL
25994,28,2428.0,50,9,18,0,FULL
26277,37,2437.0,50,1,2,0,FULL
26310,38,2438.0,50,3,6,0,FULL
26531,45,2445.0,50,1,2,0,FULL
26596,47,2447.0,50,1,2,0,FULL
26629,48,2448.0,50,1,2,0,FULL
26692,50,2450.0,50,1,2,0,FULL
26725,51,2451.0,50,2,4,0,FULL
26758,52,2452.0,50,2,4,0,FULL
26853,55,2455.0,50,1,2,0,FULL
26886,56,2456.0,50,1,2,0,FULL
26918,57,2457.0,50,1,2,0,FULL
26983,59,2459.0,50,1,2,0,FULL
27046,61,2461.0,50,1,2,0,FULL
27457,74,2474.0,50,1,2,0,FULL
27552,77,2477.0,50,15,30,1,FULL
27616,79,2479.0,50,18,36,1,FULL
27649,80,2480.0,50,13,26,1,FULL
27681,81,2481.0,50,9,18,0,FULL
27714,82,2482.0,50,15,30,1,FULL
27747,83,2483.0,50,2,4,0,FULL
27811,85,2485.0,50,1,2,0,FULL
27907,88,2488.0,50,1,2,0,FULL
30103,0,2400.0,50,1,2,0,FULL
30135,1,2401.0,50,12,24,1,FULL
30168,2,2402.0,50,19,38,1,FULL
30200,3,2403.0,50,19,38,1,FULL
30233,4,2404.0,50,17,34,1,FULL
30266,5,2405.0,50,7,14,0,FULL
30299,6,2406.0,50,5,10,0,FULL
30426,10,2410.0,50,3,6,0,FULL
30458,11,2411.0,50,3,6,0,FULL
30491,12,2412.0,50,1,2,0,FULL
30523,13,2413.0,50,3,6,0,FULL
30556,14,2414.0,50,1,2,0,FULL
30588,15,2415.0,50,1,2,0,FULL
30621,16,2416.0,50,4,8,0,FULL
30654,17,2417.0,50,1,2,0,FULL
30717,19,2419.0,50,4,8,0,FULL
30750,20,2420.0,50,1,2,0,FULL
30845,23,2423.0,50,2,4,0,FULL
30910,25,2425.0,50,19,38,1,FULL
30943,26,2426.0,50,20,40,1,FULL
30976,27,2427.0,50,16,32,1,FULL
31008,28,2428.0,50,10,20,1,FULL
31104,31,2431.0,50,2,4,0,FULL
31230,35,2435.0,50,1,2,0,FULL
31263,36,2436.0,50,1,2,0,FULL
31296,37,2437.0,50,1,2,0,FULL
31329,38,2438.0,50,3,6,0,FULL
31362,39,2439.0,50,1,2,0,FULL
31393,40,2440.0,50,2,4,0,FULL
31426,41,2441.0,50,4,8,0,FULL
31459,42,2442.0,50,1,2,0,FULL
31492,43,2443.0,50,1,2,0,FULL
31524,44,2444.0,50,3,6,0,FULL
31557,45,2445.0,50,1,2,0,FULL
31621,47,2447.0,50,1,2,0,FULL
31653,48,2448.0,50,2,4,0,FULL
31686,49,2449.0,50,1,2,0,FULL
31719,50,2450.0,50,1,2,0,FULL
31752,51,2451.0,50,4,8,0,FULL
31783,52,2452.0,50,1,2,0,FULL
31816,53,2453.0,50,4,8,0,FULL
31881,55,2455.0,50,1,2,0,FULL
31913,56,2456.0,50,1,2,0,FULL
31977,58,2458.0,50,1,2,0,FULL
32010,59,2459.0,50,2,4,0,FULL
32043,60,2460.0,50,2,4,0,FULL
32075,61,2461.0,50,1,2,0,FULL
32108,62,2462.0,50,1,2,0,FULL
32203,65,2465.0,50,1,2,0,FULL
32236,66,2466.0,50,1,2,0,FULL
32363,70,2470.0,50,1,2,0,FULL
32396,71,2471.0,50,2,4,0,FULL
32553,76,2476.0,50,2,4,0,FULL
32586,77,2477.0,50,17,34,1,FULL
32651,79,2479.0,50,12,24,1,FULL
32684,80,2480.0,50,17,34,1,FULL
32716,81,2481.0,50,18,36,1,FULL
32749,82,2482.0,50,17,34,1,FULL
32813,84,2484.0,50,1,2,0,FULL
33003,90,2490.0,50,1,2,0,FULL
35136,0,2400.0,50,1,2,0,FULL
35169,1,2401.0,50,18,36,1,FULL
35202,2,2402.0,50,13,26,1,FULL
35234,3,2403.0,50,10,20,1,FULL
35266,4,2404.0,50,15,30,1,FULL
35331,6,2406.0,50,4,8,0,FULL
35363,7,2407.0,50,1,2,0,FULL
35427,9,2409.0,50,3,6,0,FULL
35491,11,2411.0,50,1,2,0,FULL
35524,12,2412.0,50,4,8,0,FULL
35588,14,2414.0,50,1,2,0,FULL
35620,15,2415.0,50,3,6,0,FULL
35685,17,2417.0,50,1,2,0,FULL
35748,19,2419.0,50,4,8,0,FULL
35781,20,2420.0,50,1,2,0,FULL
35876,23,2423.0,50,20,40,1,FULL
35941,25,2425.0,50,12,24,1,FULL
35974,26,2426.0,50,16,32,1,FULL
36006,27,2427.0,50,20,40,1,FULL
36039,28,2428.0,50,20,40,1,FULL
36198,33,2433.0,50,1,2,0,FULL
36230,34,2434.0,50,1,2,0,FULL
36262,35,2435.0,50,1,2,0,FULL
36610,46,2446.0,50,1,2,0,FULL
36642,47,2447.0,50,1,2,0,FULL
36707,49,2449.0,50,1,2,0,FULL
36739,50,2450.0,50,2,4,0,FULL
36771,51,2451.0,50,2,4,0,FULL
36804,52,2452.0,50,1,2,0,FULL
36837,53,2453.0,50,1,2,0,FULL
36932,56,2456.0,50,1,2,0,FULL
36997,58,2458.0,50,1,2,0,FULL
37060,60,2460.0,50,1,2,0,FULL
37093,61,2461.0,50,1,2,0,FULL
37346,69,2469.0,50,1,2,0,FULL
37599,77,2477.0,50,17,34,1,FULL
37663,79,2479.0,50,15,30,1,FULL
37695,80,2480.0,50,10,20,1,FULL
37728,81,2481.0,50,14,28,1,FULL
37761,82,2482.0,50,19,38,1,FULL
37857,85,2485.0,50,1,2,0,FULL
40178,1,2401.0,50,19,38,1,FULL
40211,2,2402.0,50,18,36,1,FULL
40244,3,2403.0,50,16,32,1,FULL
40276,4,2404.0,50,9,18,0,FULL
40341,6,2406.0,50,4,8,0,FULL
40404,8,2408.0,50,1,2,0,FULL
40437,9,2409.0,50,4,8,0,FULL
40501,11,2411.0,50,1,2,0,FULL
40534,12,2412.0,50,1,2,0,FULL
40660,16,2416.0,50,4,8,0,FULL
40693,17,2417.0,50,1,2,0,FULL
40758,19,2419.0,50,3,6,0,FULL
40790,20,2420.0,50,1,2,0,FULL
40886,23,2423.0,50,8,16,0,FULL
40919,24,2424.0,50,1,2,0,FULL
40950,25,2425.0,50,14,28,1,FULL
40983,26,2426.0,50,10,20,1,FULL
41016,27,2427.0,50,15,30,1,FULL
41049,28,2428.0,50,13,26,1,FULL
41113,30,2430.0,50,1,2,0,FULL
41712,49,2449.0,50,1,2,0,FULL
41744,50,2450.0,50,3,6,0,FULL
41777,51,2451.0,50,2,4,0,FULL
41809,52,2452.0,50,2,4,0,FULL
42031,59,2459.0,50,1,2,0,FULL
42063,60,2460.0,50,1,2,0,FULL
42096,61,2461.0,50,1,2,0,FULL
42600,77,2477.0,50,18,36,1,FULL
42664,79,2479.0,50,10,20,1,FULL
42697,80,2480.0,50,13,26,1,FULL
42730,81,2481.0,50,17,34,1,FULL
42763,82,2482.0,50,17,34,1,FULL
45179,1,2401.0,50,18,36,1,FULL
45212,2,2402.0,50,11,22,1,FULL
45244,3,2403.0,50,9,18,0,FULL
45308,5,2405.0,50,1,2,0,FULL
45341,6,2406.0,50,1,2,0,FULL
45374,7,2407.0,50,4,8,0,FULL
45437,9,2409.0,50,1,2,0,FULL
45470,10,2410.0,50,5,10,0,FULL
45503,11,2411.0,50,1,2,0,FULL
45566,13,2413.0,50,4,8,0,FULL
45599,14,2414.0,50,2,4,0,FULL
45632,15,2415.0,50,2,4,0,FULL
45665,16,2416.0,50,4,8,0,FULL
45698,17,2417.0,50,1,2,0,FULL
45730,18,2418.0,50,2,4,0,FULL
45762,19,2419.0,50,4,8,0,FULL
45827,21,2421.0,50,1,2,0,FULL
45891,23,2423.0,50,19,38,1,FULL
45955,25,2425.0,50,11,22,1,FULL
45987,26,2426.0,50,12,24,1,FULL
46020,27,2427.0,50,21,42,1,FULL
46053,28,2428.0,50,20,40,1,FULL
46338,37,2437.0,50,2,4,0,FULL
46653,47,2447.0,50,1,2,0,FULL
46716,49,2449.0,50,1,2,0,FULL
46749,50,2450.0,50,2,4,0,FULL
46782,51,2451.0,50,2,4,0,FULL
46815,52,2452.0,50,1,2,0,FULL
46848,53,2453.0,50,1,2,0,FULL
46943,56,2456.0,50,1,2,0,FULL
47007,58,2458.0,50,1,2,0,FULL
47385,70,2470.0,50,1,2,0,FULL
47481,73,2473.0,50,1,2,0,FULL
47577,76,2476.0,50,1,2,0,FULL
47609,77,2477.0,50,18,36,1,FULL
47673,79,2479.0,50,12,24,1,FULL
47706,80,2480.0,50,9,18,0,FULL
47738,81,2481.0,50,15,30,1,FULL
47771,82,2482.0,50,19,38,1,FULL
47804,83,2483.0,50,1,2,0,FULL
47868,85,2485.0,50,1,2,0,FULL
48184,95,2495.0,50,1,2,0,FULL
50191,1,2401.0,50,19,38,1,FULL
50224,2,2402.0,50,18,36,1,FULL
50256,3,2403.0,50,15,30,1,FULL
50289,4,2404.0,50,13,26,1,FULL
50322,5,2405.0,50,1,2,0,FULL
50385,7,2407.0,50,3,6,0,FULL
50418,8,2408.0,50,1,2,0,FULL
50483,10,2410.0,50,5,10,0,FULL
50546,12,2412.0,50,2,4,0,FULL
50579,13,2413.0,50,4,8,0,FULL
50612,14,2414.0,50,1,2,0,FULL
50644,15,2415.0,50,2,4,0,FULL
50677,16,2416.0,50,4,8,0,FULL
50741,18,2418.0,50,1,2,0,FULL
50837,21,2421.0,50,1,2,0,FULL
50900,23,2423.0,50,17,34,1,FULL
50933,24,2424.0,50,1,2,0,FULL
50966,25,2425.0,50,20,40,1,FULL
50999,26,2426.0,50,14,28,1,FULL
51032,27,2427.0,50,10,20,1,FULL
51064,28,2428.0,50,15,30,1,FULL
51254,34,2434.0,50,1,2,0,FULL
51287,35,2435.0,50,1,2,0,FULL
51351,37,2437.0,50,1,2,0,FULL
51415,39,2439.0,50,4,8,0,FULL
51479,41,2441.0,50,1,2,0,FULL
51668,47,2447.0,50,1,2,0,FULL
51733,49,2449.0,50,2,4,0,FULL
51766,50,2450.0,50,1,2,0,FULL
51829,52,2452.0,50,2,4,0,FULL
51924,55,2455.0,50,1,2,0,FULL
51989,57,2457.0,50,1,2,0,FULL
52022,58,2458.0,50,1,2,0,FULL
52620,77,2477.0,50,10,20,1,FULL
52684,79,2479.0,50,18,36,1,FULL
52717,80,2480.0,50,15,30,1,FULL
52750,81,2481.0,50,9,18,0,FULL
52783,82,2482.0,50,12,24,1,FULL
52878,85,2485.0,50,1,2,0,FULL
55668,2,2402.0,50,12,24,1,BLE
55701,26,2426.0,50,19,38,1,BLE
55734,80,2480.0,50,16,32,1,BLE
56767,2,2402.0,50,13,26,1,BLE
56800,26,2426.0,50,18,36,1,BLE
56832,80,2480.0,50,17,34,1,BLE
57865,2,2402.0,50,13,26,1,BLE
57897,26,2426.0,50,19,38,1,BLE
57930,80,2480.0,50,15,30,1,BLE
58962,2,2402.0,50,17,34,1,BLE
58995,26,2426.0,50,16,32,1,BLE
59028,80,2480.0,50,18,36,1,BLE
60561,2,2402.0,50,18,36,1,BT
60594,3,2403.0,50,18,36,1,BT
60626,4,2404.0,50,16,32,1,BT
60659,5,2405.0,50,2,4,0,BT
60691,6,2406.0,50,5,10,0,BT
60724,7,2407.0,50,4,8,0,BT
60756,8,2408.0,50,1,2,0,BT
60789,9,2409.0,50,1,2,0,BT
60822,10,2410.0,50,4,8,0,BT
60854,11,2411.0,50,1,2,0,BT
60887,12,2412.0,50,7,14,0,BT
60919,13,2413.0,50,6,12,0,BT
61015,16,2416.0,50,2,4,0,BT
61111,19,2419.0,50,2,4,0,BT
61174,21,2421.0,50,1,2,0,BT
61239,23,2423.0,50,5,10,0,BT
61272,24,2424.0,50,1,2,0,BT
61303,25,2425.0,50,20,40,1,BT
61336,26,2426.0,50,18,36,1,BT
61369,27,2427.0,50,13,26,1,BT
61402,28,2428.0,50,12,24,1,BT
61718,38,2438.0,50,2,4,0,BT
61750,39,2439.0,50,2,4,0,BT
61783,40,2440.0,50,1,2,0,BT
61815,41,2441.0,50,1,2,0,BT
61848,42,2442.0,50,3,6,0,BT
61912,44,2444.0,50,1,2,0,BT
62008,47,2447.0,50,1,2,0,BT
62071,49,2449.0,50,2,4,0,BT
62104,50,2450.0,50,1,2,0,BT
62137,51,2451.0,50,2,4,0,BT
62200,53,2453.0,50,1,2,0,BT
62233,54,2454.0,50,1,2,0,BT
62298,56,2456.0,50,1,2,0,BT
62330,57,2457.0,50,2,4,0,BT
62960,77,2477.0,50,11,22,1,BT
64525,12,2412.0,50,3,6,0,WIFI
64557,17,2417.0,50,0,0,0,WIFI
64589,22,2422.0,50,0,0,0,WIFI
64622,27,2427.0,50,16,32,1,WIFI
64655,32,2432.0,50,1,2,0,WIFI
64688,37,2437.0,50,0,0,0,WIFI
64720,42,2442.0,50,3,6,0,WIFI
64753,47,2447.0,50,1,2,0,WIFI
64785,52,2452.0,50,2,4,0,WIFI
64818,57,2457.0,50,1,2,0,WIFI
64850,62,2462.0,50,0,0,0,WIFI
64883,67,2467.0,50,0,0,0,WIFI
64916,72,2472.0,50,0,0,0,WIFI
65948,12,2412.0,50,4,8,0,WIFI
65981,17,2417.0,50,0,0,0,WIFI
66014,22,2422.0,50,0,0,0,WIFI
66046,27,2427.0,50,16,32,1,WIFI
66079,32,2432.0,50,0,0,0,WIFI
66112,37,2437.0,50,0,0,0,WIFI
66144,42,2442.0,50,0,0,0,WIFI
66177,47,2447.0,50,2,4,0,WIFI
66209,52,2452.0,50,1,2,0,WIFI
66242,57,2457.0,50,1,2,0,WIFI
66275,62,2462.0,50,0,0,0,WIFI
66308,67,2467.0,50,0,0,0,WIFI
66339,72,2472.0,50,0,0,0,WIFI
67373,12,2412.0,50,5,10,0,WIFI
67405,17,2417.0,50,0,0,0,WIFI
67438,22,2422.0,50,1,2,0,WIFI
67470,27,2427.0,50,11,22,1,WIFI
67503,32,2432.0,50,0,0,0,WIFI
67535,37,2437.0,50,1,2,0,WIFI
67568,42,2442.0,50,0,0,0,WIFI
67601,47,2447.0,50,1,2,0,WIFI
67634,52,2452.0,50,1,2,0,WIFI
67666,57,2457.0,50,2,4,0,WIFI
67699,62,2462.0,50,0,0,0,WIFI
67731,67,2467.0,50,0,0,0,WIFI
67764,72,2472.0,50,0,0,0,WIFI
68797,12,2412.0,50,0,0,0,WIFI
68829,17,2417.0,50,0,0,0,WIFI
68861,22,2422.0,50,1,2,0,WIFI
68894,27,2427.0,50,0,0,0,WIFI
68927,32,2432.0,50,0,0,0,WIFI
68960,37,2437.0,50,2,4,0,WIFI
68993,42,2442.0,50,0,0,0,WIFI
69025,47,2447.0,50,0,0,0,WIFI
69057,52,2452.0,50,0,0,0,WIFI
69090,57,2457.0,50,0,0,0,WIFI
69123,62,2462.0,50,0,0,0,WIFI
69155,67,2467.0,50,0,0,0,WIFI
69188,72,2472.0,50,0,0,0,WIFI
70220,12,2412.0,50,1,2,0,WIFI
70253,17,2417.0,50,6,12,0,WIFI
70286,22,2422.0,50,1,2,0,WIFI
70319,27,2427.0,50,0,0,0,WIFI
70351,32,2432.0,50,0,0,0,WIFI
70383,37,2437.0,50,0,0,0,WIFI
70416,42,2442.0,50,0,0,0,WIFI
70449,47,2447.0,50,0,0,0,WIFI
70481,52,2452.0,50,0,0,0,WIFI
70514,57,2457.0,50,0,0,0,WIFI
70547,62,2462.0,50,0,0,0,WIFI
70580,67,2467.0,50,0,0,0,WIFI
70611,72,2472.0,50,0,0,0,WIFI
71645,12,2412.0,50,0,0,0,WIFI
71677,17,2417.0,50,5,10,0,WIFI
71710,22,2422.0,50,0,0,0,WIFI
71742,27,2427.0,50,0,0,0,WIFI
71775,32,2432.0,50,0,0,0,WIFI
71808,37,2437.0,50,0,0,0,WIFI
71840,42,2442.0,50,0,0,0,WIFI
71873,47,2447.0,50,0,0,0,WIFI
71906,52,2452.0,50,0,0,0,WIFI
71939,57,2457.0,50,0,0,0,WIFI
71970,62,2462.0,50,0,0,0,WIFI
72003,67,2467.0,50,0,0,0,WIFI
72036,72,2472.0,50,0,0,0,WIFI
73068,12,2412.0,50,0,0,0,WIFI
73101,17,2417.0,50,4,8,0,WIFI
73134,22,2422.0,50,0,0,0,WIFI
73166,27,2427.0,50,0,0,0,WIFI
73199,32,2432.0,50,0,0,0,WIFI
73232,37,2437.0,50,4,8,0,WIFI
73265,42,2442.0,50,0,0,0,WIFI
73296,47,2447.0,50,0,0,0,WIFI
73329,52,2452.0,50,0,0,0,WIFI
73362,57,2457.0,50,0,0,0,WIFI
73395,62,2462.0,50,0,0,0,WIFI
73427,67,2467.0,50,0,0,0,WIFI
73460,72,2472.0,50,0,0,0,WIFI
74492,12,2412.0,50,1,2,0,WIFI
74525,17,2417.0,50,0,0,0,WIFI
74558,22,2422.0,50,0,0,0,WIFI
74591,27,2427.0,50,0,0,0,WIFI
74622,32,2432.0,50,0,0,0,WIFI
74655,37,2437.0,50,4,8,0,WIFI
74688,42,2442.0,50,0,0,0,WIFI
74721,47,2447.0,50,0,0,0,WIFI
74754,52,2452.0,50,1,2,0,WIFI
74786,57,2457.0,50,0,0,0,WIFI
74819,62,2462.0,50,0,0,0,WIFI
74851,67,2467.0,50,0,0,0,WIFI
74884,72,2472.0,50,0,0,0,WIFI
75917,12,2412.0,50,1,2,0,WIFI
75950,17,2417.0,50,1,2,0,WIFI
75981,22,2422.0,50,0,0,0,WIFI
76014,27,2427.0,50,1,2,0,WIFI
76047,32,2432.0,50,0,0,0,WIFI
76080,37,2437.0,50,1,2,0,WIFI
76112,42,2442.0,50,0,0,0,WIFI
76145,47,2447.0,50,0,0,0,WIFI
76177,52,2452.0,50,0,0,0,WIFI
76210,57,2457.0,50,0,0,0,WIFI
76242,62,2462.0,50,0,0,0,WIFI
76275,67,2467.0,50,0,0,0,WIFI
76308,72,2472.0,50,0,0,0,WIFI
77340,12,2412.0,50,1,2,0,WIFI
77373,17,2417.0,50,2,4,0,WIFI
77406,22,2422.0,50,0,0,0,WIFI
77438,27,2427.0,50,1,2,0,WIFI
77471,32,2432.0,50,0,0,0,WIFI
77504,37,2437.0,50,0,0,0,WIFI
77536,42,2442.0,50,0,0,0,WIFI
77569,47,2447.0,50,0,0,0,WIFI
77601,52,2452.0,50,0,0,0,WIFI
77634,57,2457.0,50,0,0,0,WIFI
77667,62,2462.0,50,0,0,0,WIFI
77700,67,2467.0,50,0,0,0,WIFI
77731,72,2472.0,50,0,0,0,WIFI
78765,12,2412.0,50,0,0,0,WIFI
78797,17,2417.0,50,1,2,0,WIFI
78830,22,2422.0,50,0,0,0,WIFI
78862,27,2427.0,50,0,0,0,WIFI
78895,32,2432.0,50,0,0,0,WIFI
78927,37,2437.0,50,0,0,0,WIFI
78960,42,2442.0,50,0,0,0,WIFI
78993,47,2447.0,50,0,0,0,WIFI
79026,52,2452.0,50,0,0,0,WIFI
79058,57,2457.0,50,0,0,0,WIFI
79090,62,2462.0,50,0,0,0,WIFI
79123,67,2467.0,50,0,0,0,WIFI
79156,72,2472.0,50,0,0,0,WIFI
80188,12,2412.0,50,4,8,0,WIFI
80221,17,2417.0,50,1,2,0,WIFI
80253,22,2422.0,50,0,0,0,WIFI
80286,27,2427.0,50,1,2,0,WIFI
80319,32,2432.0,50,0,0,0,WIFI
80352,37,2437.0,50,0,0,0,WIFI
80385,42,2442.0,50,0,0,0,WIFI
80416,47,2447.0,50,0,0,0,WIFI
80449,52,2452.0,50,0,0,0,WIFI
80482,57,2457.0,50,0,0,0,WIFI
80515,62,2462.0,50,0,0,0,WIFI
80547,67,2467.0,50,0,0,0,WIFI
80580,72,2472.0,50,0,0,0,WIFI
81612,12,2412.0,50,4,8,0,WIFI
81645,17,2417.0,50,1,2,0,WIFI
81678,22,2422.0,50,1,2,0,WIFI
81711,27,2427.0,50,0,0,0,WIFI
81742,32,2432.0,50,0,0,0,WIFI
81775,37,2437.0,50,2,4,0,WIFI
81808,42,2442.0,50,0,0,0,WIFI
81841,47,2447.0,50,0,0,0,WIFI
81873,52,2452.0,50,0,0,0,WIFI
81906,57,2457.0,50,0,0,0,WIFI
81939,62,2462.0,50,0,0,0,WIFI
81971,67,2467.0,50,0,0,0,WIFI
82003,72,2472.0,50,0,0,0,WIFI
83037,12,2412.0,50,4,8,0,WIFI
83068,17,2417.0,50,0,0,0,WIFI
83101,22,2422.0,50,1,2,0,WIFI
83134,27,2427.0,50,1,2,0,WIFI
83167,32,2432.0,50,0,0,0,WIFI
83200,37,2437.0,50,0,0,0,WIFI
83232,42,2442.0,50,0,0,0,WIFI
83265,47,2447.0,50,0,0,0,WIFI
83297,52,2452.0,50,0,0,0,WIFI
83330,57,2457.0,50,0,0,0,WIFI
83362,62,2462.0,50,0,0,0,WIFI
83395,67,2467.0,50,0,0,0,WIFI
83428,72,2472.0,50,0,0,0,WIFI
84460,12,2412.0,50,0,0,0,WIFI
84493,17,2417.0,50,4,8,0,WIFI
84526,22,2422.0,50,1,2,0,WIFI
84558,27,2427.0,50,0,0,0,WIFI
84591,32,2432.0,50,0,0,0,WIFI
84623,37,2437.0,50,0,0,0,WIFI
84656,42,2442.0,50,0,0,0,WIFI
84688,47,2447.0,50,0,0,0,WIFI
84721,52,2452.0,50,0,0,0,WIFI
84754,57,2457.0,50,0,0,0,WIFI
84787,62,2462.0,50,0,0,0,WIFI
84819,67,2467.0,50,0,0,0,WIFI
84851,72,2472.0,50,0,0,0,WIFI
85884,12,2412.0,50,1,2,0,WIFI
85917,17,2417.0,50,4,8,0,WIFI
85949,22,2422.0,50,0,0,0,WIFI
85982,27,2427.0,50,1,2,0,WIFI
86014,32,2432.0,50,0,0,0,WIFI
86047,37,2437.0,50,2,4,0,WIFI
86080,42,2442.0,50,0,0,0,WIFI
86113,47,2447.0,50,0,0,0,WIFI
86146,52,2452.0,50,0,0,0,WIFI
86177,57,2457.0,50,0,0,0,WIFI
86210,62,2462.0,50,0,0,0,WIFI
86243,67,2467.0,50,0,0,0,WIFI
86276,72,2472.0,50,0,0,0,WIFI
87308,12,2412.0,50,0,0,0,WIFI
87341,17,2417.0,50,4,8,0,WIFI
87373,22,2422.0,50,1,2,0,WIFI
87406,27,2427.0,50,1,2,0,WIFI
87439,32,2432.0,50,0,0,0,WIFI
87472,37,2437.0,50,4,8,0,WIFI
87503,42,2442.0,50,0,0,0,WIFI
87536,47,2447.0,50,0,0,0,WIFI
87569,52,2452.0,50,0,0,0,WIFI
87602,57,2457.0,50,0,0,0,WIFI
87634,62,2462.0,50,0,0,0,WIFI
87667,67,2467.0,50,0,0,0,WIFI
87700,72,2472.0,50,0,0,0,WIFI
88732,12,2412.0,50,1,2,0,WIFI
88765,17,2417.0,50,0,0,0,WIFI
88798,22,2422.0,50,0,0,0,WIFI
88830,27,2427.0,50,1,2,0,WIFI
88862,32,2432.0,50,0,0,0,WIFI
88895,37,2437.0,50,1,2,0,WIFI
88928,42,2442.0,50,0,0,0,WIFI
88961,47,2447.0,50,0,0,0,WIFI
88993,52,2452.0,50,0,0,0,WIFI
89026,57,2457.0,50,0,0,0,WIFI
89058,62,2462.0,50,0,0,0,WIFI
89091,67,2467.0,50,0,0,0,WIFI
89123,72,2472.0,50,0,0,0,WIFI
90157,12,2412.0,50,1,2,0,WIFI
90188,17,2417.0,50,1,2,0,WIFI
90221,22,2422.0,50,0,0,0,WIFI
90254,27,2427.0,50,1,2,0,WIFI
90287,32,2432.0,50,0,0,0,WIFI
90319,37,2437.0,50,1,2,0,WIFI
90352,42,2442.0,50,0,0,0,WIFI
90385,47,2447.0,50,0,0,0,WIFI
90417,52,2452.0,50,0,0,0,WIFI
90449,57,2457.0,50,0,0,0,WIFI
90482,62,2462.0,50,0,0,0,WIFI
90515,67,2467.0,50,0,0,0,WIFI
90548,72,2472.0,50,0,0,0,WIFI
91580,12,2412.0,50,1,2,0,WIFI
91613,17,2417.0,50,1,2,0,WIFI
91645,22,2422.0,50,0,0,0,WIFI
91678,27,2427.0,50,1,2,0,WIFI
91711,32,2432.0,50,0,0,0,WIFI
91743,37,2437.0,50,1,2,0,WIFI
91776,42,2442.0,50,0,0,0,WIFI
91808,47,2447.0,50,0,0,0,WIFI
91841,52,2452.0,50,0,0,0,WIFI
91874,57,2457.0,50,0,0,0,WIFI
91907,62,2462.0,50,1,2,0,WIFI
91938,67,2467.0,50,0,0,0,WIFI
91971,72,2472.0,50,0,0,0,WIFI
93004,12,2412.0,50,0,0,0,WIFI
93037,17,2417.0,50,1,2,0,WIFI
93069,22,2422.0,50,0,0,0,WIFI
93102,27,2427.0,50,0,0,0,WIFI
93134,32,2432.0,50,0,0,0,WIFI
93167,37,2437.0,50,0,0,0,WIFI
93200,42,2442.0,50,0,0,0,WIFI
93233,47,2447.0,50,0,0,0,WIFI
93265,52,2452.0,50,0,0,0,WIFI
93297,57,2457.0,50,0,0,0,WIFI
93330,62,2462.0,50,0,0,0,WIFI
93363,67,2467.0,50,0,0,0,WIFI
93395,72,2472.0,50,0,0,0,WIFI
94428,12,2412.0,50,2,4,0,WIFI
94460,17,2417.0,50,1,2,0,WIFI
94493,22,2422.0,50,0,0,0,WIFI
94526,27,2427.0,50,0,0,0,WIFI
94559,32,2432.0,50,0,0,0,WIFI
94592,37,2437.0,50,4,8,0,WIFI
94623,42,2442.0,50,0,0,0,WIFI
94656,47,2447.0,50,0,0,0,WIFI
94689,52,2452.0,50,0,0,0,WIFI
94722,57,2457.0,50,0,0,0,WIFI
94754,62,2462.0,50,0,0,0,WIFI
94787,67,2467.0,50,0,0,0,WIFI
94820,72,2472.0,50,0,0,0,WIFI
95852,12,2412.0,50,3,6,0,WIFI
95885,17,2417.0,50,1,2,0,WIFI
95918,22,2422.0,50,0,0,0,WIFI
95949,27,2427.0,50,1,2,0,WIFI
95982,32,2432.0,50,0,0,0,WIFI
96015,37,2437.0,50,3,6,0,WIFI
96048,42,2442.0,50,1,2,0,WIFI
96080,47,2447.0,50,0,0,0,WIFI
96113,52,2452.0,50,0,0,0,WIFI
96146,57,2457.0,50,0,0,0,WIFI
96178,62,2462.0,50,0,0,0,WIFI
96210,67,2467.0,50,0,0,0,WIFI
96243,72,2472.0,50,0,0,0,WIFI
97275,12,2412.0,50,4,8,0,WIFI
97308,17,2417.0,50,0,0,0,WIFI
97341,22,2422.0,50,0,0,0,WIFI
97374,27,2427.0,50,0,0,0,WIFI
97406,32,2432.0,50,0,0,0,WIFI
97439,37,2437.0,50,3,6,0,WIFI
97472,42,2442.0,50,3,6,0,WIFI
97504,47,2447.0,50,0,0,0,WIFI
97537,52,2452.0,50,0,0,0,WIFI
97569,57,2457.0,50,0,0,0,WIFI
97602,62,2462.0,50,0,0,0,WIFI
97635,67,2467.0,50,0,0,0,WIFI
97668,72,2472.0,50,1,2,0,WIFI
98700,12,2412.0,50,2,4,0,WIFI
98733,17,2417.0,50,0,0,0,WIFI
98765,22,2422.0,50,0,0,0,WIFI
98798,27,2427.0,50,0,0,0,WIFI
98830,32,2432.0,50,0,0,0,WIFI
98863,37,2437.0,50,0,0,0,WIFI
98895,42,2442.0,50,0,0,0,WIFI
98928,47,2447.0,50,0,0,0,WIFI
98961,52,2452.0,50,0,0,0,WIFI
98994,57,2457.0,50,0,0,0,WIFI
99026,62,2462.0,50,0,0,0,WIFI
99058,67,2467.0,50,0,0,0,WIFI
99091,72,2472.0,50,0,0,0,WIFI
100124,12,2412.0,50,1,2,0,WIFI
100157,17,2417.0,50,9,18,0,WIFI
100189,22,2422.0,50,0,0,0,WIFI
100221,27,2427.0,50,0,0,0,WIFI
100254,32,2432.0,50,0,0,0,WIFI
100287,37,2437.0,50,0,0,0,WIFI
100320,42,2442.0,50,0,0,0,WIFI
100353,47,2447.0,50,0,0,0,WIFI
100385,52,2452.0,50,0,0,0,WIFI
100418,57,2457.0,50,0,0,0,WIFI
100451,62,2462.0,50,0,0,0,WIFI
100484,67,2467.0,50,0,0,0,WIFI
100515,72,2472.0,50,0,0,0,WIFI
101549,12,2412.0,50,0,0,0,WIFI
101581,17,2417.0,50,4,8,0,WIFI
101614,22,2422.0,50,0,0,0,WIFI
101647,27,2427.0,50,1,2,0,WIFI
101679,32,2432.0,50,0,0,0,WIFI
101711,37,2437.0,50,0,0,0,WIFI
101744,42,2442.0,50,2,4,0,WIFI
101777,47,2447.0,50,0,0,0,WIFI
101810,52,2452.0,50,0,0,0,WIFI
101842,57,2457.0,50,0,0,0,WIFI
101875,62,2462.0,50,0,0,0,WIFI
101908,67,2467.0,50,0,0,0,WIFI
101941,72,2472.0,50,0,0,0,WIFI
102973,12,2412.0,50,1,2,0,WIFI
103006,17,2417.0,50,3,6,0,WIFI
103038,22,2422.0,50,0,0,0,WIFI
103071,27,2427.0,50,0,0,0,WIFI
103104,32,2432.0,50,0,0,0,WIFI
103136,37,2437.0,50,0,0,0,WIFI
103169,42,2442.0,50,0,0,0,WIFI
103201,47,2447.0,50,0,0,0,WIFI
103234,52,2452.0,50,0,0,0,WIFI
103267,57,2457.0,50,0,0,0,WIFI
103300,62,2462.0,50,0,0,0,WIFI
103332,67,2467.0,50,0,0,0,WIFI
103365,72,2472.0,50,0,0,0,WIFI
104397,12,2412.0,50,1,2,0,WIFI
104430,17,2417.0,50,0,0,0,WIFI
104463,22,2422.0,50,0,0,0,WIFI
104496,27,2427.0,50,0,0,0,WIFI
104528,32,2432.0,50,0,0,0,WIFI
104561,37,2437.0,50,0,0,0,WIFI
104594,42,2442.0,50,0,0,0,WIFI
104626,47,2447.0,50,0,0,0,WIFI
104658,52,2452.0,50,0,0,0,WIFI
104691,57,2457.0,50,0,0,0,WIFI
104724,62,2462.0,50,0,0,0,WIFI
104757,67,2467.0,50,0,0,0,WIFI
104790,72,2472.0,50,0,0,0,WIFI
105822,12,2412.0,50,2,4,0,WIFI
105854,17,2417.0,50,0,0,0,WIFI
105887,22,2422.0,50,0,0,0,WIFI
105920,27,2427.0,50,1,2,0,WIFI
105953,32,2432.0,50,0,0,0,WIFI
105986,37,2437.0,50,0,0,0,WIFI
106018,42,2442.0,50,0,0,0,WIFI
106051,47,2447.0,50,0,0,0,WIFI
106083,52,2452.0,50,0,0,0,WIFI
106116,57,2457.0,50,0,0,0,WIFI
106148,62,2462.0,50,0,0,0,WIFI
106181,67,2467.0,50,0,0,0,WIFI
106214,72,2472.0,50,0,0,0,WIFI
107246,12,2412.0,50,0,0,0,WIFI
107279,17,2417.0,50,1,2,0,WIFI
107312,22,2422.0,50,0,0,0,WIFI
107344,27,2427.0,50,1,2,0,WIFI
107377,32,2432.0,50,0,0,0,WIFI
107410,37,2437.0,50,1,2,0,WIFI
107443,42,2442.0,50,1,2,0,WIFI
107475,47,2447.0,50,0,0,0,WIFI
107508,52,2452.0,50,0,0,0,WIFI
107541,57,2457.0,50,0,0,0,WIFI
107573,62,2462.0,50,0,0,0,WIFI
107606,67,2467.0,50,0,0,0,WIFI
107638,72,2472.0,50,0,0,0,WIFI
108672,12,2412.0,50,0,0,0,WIFI
108704,17,2417.0,50,2,4,0,WIFI
108736,22,2422.0,50,0,0,0,WIFI
108769,27,2427.0,50,0,0,0,WIFI
108802,32,2432.0,50,0,0,0,WIFI
108834,37,2437.0,50,5,10,0,WIFI
108867,42,2442.0,50,0,0,0,WIFI
108900,47,2447.0,50,0,0,0,WIFI
108933,52,2452.0,50,0,0,0,WIFI
108965,57,2457.0,50,0,0,0,WIFI
108998,62,2462.0,50,0,0,0,WIFI
109030,67,2467.0,50,0,0,0,WIFI
109063,72,2472.0,50,0,0,0,WIFI
110096,12,2412.0,50,2,4,0,WIFI
110129,17,2417.0,50,0,0,0,WIFI
110161,22,2422.0,50,0,0,0,WIFI
110194,27,2427.0,50,1,2,0,WIFI
110226,32,2432.0,50,0,0,0,WIFI
110259,37,2437.0,50,1,2,0,WIFI
110291,42,2442.0,50,0,0,0,WIFI
110324,47,2447.0,50,0,0,0,WIFI
110357,52,2452.0,50,0,0,0,WIFI
110390,57,2457.0,50,0,0,0,WIFI
110423,62,2462.0,50,0,0,0,WIFI
110455,67,2467.0,50,0,0,0,WIFI
110488,72,2472.0,50,0,0,0,WIFI
111520,12,2412.0,50,4,8,0,WIFI
111553,17,2417.0,50,2,4,0,WIFI
111586,22,2422.0,50,0,0,0,WIFI
111619,27,2427.0,50,0,0,0,WIFI
111651,32,2432.0,50,0,0,0,WIFI
111683,37,2437.0,50,0,0,0,WIFI
111716,42,2442.0,50,0,0,0,WIFI
111749,47,2447.0,50,1,2,0,WIFI
111781,52,2452.0,50,0,0,0,WIFI
111814,57,2457.0,50,0,0,0,WIFI
111847,62,2462.0,50,0,0,0,WIFI
111880,67,2467.0,50,0,0,0,WIFI
111912,72,2472.0,50,0,0,0,WIFI
112945,12,2412.0,50,5,10,0,WIFI
112977,17,2417.0,50,0,0,0,WIFI
113010,22,2422.0,50,0,0,0,WIFI
113043,27,2427.0,50,4,8,0,WIFI
113076,32,2432.0,50,0,0,0,WIFI
113108,37,2437.0,50,0,0,0,WIFI
113141,42,2442.0,50,0,0,0,WIFI
113173,47,2447.0,50,0,0,0,WIFI
113206,52,2452.0,50,0,0,0,WIFI
113239,57,2457.0,50,0,0,0,WIFI
113271,62,2462.0,50,0,0,0,WIFI
113304,67,2467.0,50,0,0,0,WIFI
113337,72,2472.0,50,0,0,0,WIFI
114369,12,2412.0,50,3,6,0,WIFI
114402,17,2417.0,50,0,0,0,WIFI
114435,22,2422.0,50,2,4,0,WIFI
114467,27,2427.0,50,2,4,0,WIFI
114500,32,2432.0,50,0,0,0,WIFI
114533,37,2437.0,50,0,0,0,WIFI
114566,42,2442.0,50,0,0,0,WIFI
114598,47,2447.0,50,1,2,0,WIFI
114631,52,2452.0,50,0,0,0,WIFI
114663,57,2457.0,50,0,0,0,WIFI
114696,62,2462.0,50,1,2,0,WIFI
114728,67,2467.0,50,0,0,0,WIFI
114761,72,2472.0,50,0,0,0,WIFI
115794,12,2412.0,50,0,0,0,WIFI
115826,17,2417.0,50,3,6,0,WIFI
115859,22,2422.0,50,1,2,0,WIFI
115892,27,2427.0,50,0,0,0,WIFI
115924,32,2432.0,50,0,0,0,WIFI
115957,37,2437.0,50,0,0,0,WIFI
115990,42,2442.0,50,0,0,0,WIFI
116023,47,2447.0,50,0,0,0,WIFI
116056,52,2452.0,50,0,0,0,WIFI
116088,57,2457.0,50,0,0,0,WIFI
116120,62,2462.0,50,0,0,0,WIFI
116153,67,2467.0,50,0,0,0,WIFI
116186,72,2472.0,50,0,0,0,WIFI
117219,12,2412.0,50,0,0,0,WIFI
117252,17,2417.0,50,4,8,0,WIFI
117283,22,2422.0,50,1,2,0,WIFI
117316,27,2427.0,50,0,0,0,WIFI
117349,32,2432.0,50,0,0,0,WIFI
117382,37,2437.0,50,0,0,0,WIFI
117414,42,2442.0,50,0,0,0,WIFI
117447,47,2447.0,50,0,0,0,WIFI
117480,52,2452.0,50,0,0,0,WIFI
117513,57,2457.0,50,0,0,0,WIFI
117545,62,2462.0,50,0,0,0,WIFI
117578,67,2467.0,50,0,0,0,WIFI
117610,72,2472.0,50,0,0,0,WIFI
118643,12,2412.0,50,1,2,0,WIFI
118676,17,2417.0,50,3,6,0,WIFI
118709,22,2422.0,50,1,2,0,WIFI
118742,27,2427.0,50,1,2,0,WIFI
118773,32,2432.0,50,0,0,0,WIFI
118806,37,2437.0,50,0,0,0,WIFI
118839,42,2442.0,50,0,0,0,WIFI
118872,47,2447.0,50,2,4,0,WIFI
118904,52,2452.0,50,0,0,0,WIFI
118937,57,2457.0,50,1,2,0,WIFI
118970,62,2462.0,50,1,2,0,WIFI
119003,67,2467.0,50,0,0,0,WIFI
119035,72,2472.0,50,0,0,0,WIFI
120068,12,2412.0,50,1,2,0,WIFI
120100,17,2417.0,50,0,0,0,WIFI
120133,22,2422.0,50,0,0,0,WIFI
120166,27,2427.0,50,0,0,0,WIFI
120199,32,2432.0,50,0,0,0,WIFI
120230,37,2437.0,50,0,0,0,WIFI
120263,42,2442.0,50,0,0,0,WIFI
120296,47,2447.0,50,0,0,0,WIFI
120329,52,2452.0,50,0,0,0,WIFI
120361,57,2457.0,50,0,0,0,WIFI
120394,62,2462.0,50,1,2,0,WIFI
120427,67,2467.0,50,1,2,0,WIFI
120460,72,2472.0,50,0,0,0,WIFI
121492,12,2412.0,50,0,0,0,WIFI
121525,17,2417.0,50,0,0,0,WIFI
121558,22,2422.0,50,0,0,0,WIFI
121590,27,2427.0,50,1,2,0,WIFI
121623,32,2432.0,50,0,0,0,WIFI
121656,37,2437.0,50,0,0,0,WIFI
121689,42,2442.0,50,0,0,0,WIFI
121720,47,2447.0,50,0,0,0,WIFI
121753,52,2452.0,50,0,0,0,WIFI
121786,57,2457.0,50,0,0,0,WIFI
121819,62,2462.0,50,0,0,0,WIFI
121851,67,2467.0,50,0,0,0,WIFI
121884,72,2472.0,50,0,0,0,WIFI
122916,12,2412.0,50,0,0,0,WIFI
122949,17,2417.0,50,3,6,0,WIFI
122982,22,2422.0,50,3,6,0,WIFI
123015,27,2427.0,50,2,4,0,WIFI
123047,32,2432.0,50,0,0,0,WIFI
123080,37,2437.0,50,1,2,0,WIFI
123113,42,2442.0,50,0,0,0,WIFI
123146,47,2447.0,50,0,0,0,WIFI
123177,52,2452.0,50,1,2,0,WIFI
123210,57,2457.0,50,0,0,0,WIFI
123243,62,2462.0,50,0,0,0,WIFI
123276,67,2467.0,50,0,0,0,WIFI
123309,72,2472.0,50,0,0,0,WIFI
124342,12,2412.0,50,0,0,0,WIFI
124374,17,2417.0,50,1,2,0,WIFI
124406,22,2422.0,50,0,0,0,WIFI
124439,27,2427.0,50,1,2,0,WIFI
124472,32,2432.0,50,0,0,0,WIFI
124505,37,2437.0,50,0,0,0,WIFI
124537,42,2442.0,50,0,0,0,WIFI
124570,47,2447.0,50,0,0,0,WIFI
124603,52,2452.0,50,0,0,0,WIFI
124636,57,2457.0,50,0,0,0,WIFI
124667,62,2462.0,50,0,0,0,WIFI
124700,67,2467.0,50,0,0,0,WIFI
124733,72,2472.0,50,0,0,0,WIFI
125766,12,2412.0,50,0,0,0,WIFI
125799,17,2417.0,50,2,4,0,WIFI
125831,22,2422.0,50,0,0,0,WIFI
125863,27,2427.0,50,1,2,0,WIFI
125896,32,2432.0,50,1,2,0,WIFI
125929,37,2437.0,50,0,0,0,WIFI
125962,42,2442.0,50,1,2,0,WIFI
125995,47,2447.0,50,0,0,0,WIFI
126027,52,2452.0,50,1,2,0,WIFI
126060,57,2457.0,50,0,0,0,WIFI
126093,62,2462.0,50,1,2,0,WIFI
126125,67,2467.0,50,0,0,0,WIFI
126157,72,2472.0,50,0,0,0,WIFI
127191,12,2412.0,50,4,8,0,WIFI
127223,17,2417.0,50,1,2,0,WIFI
127256,22,2422.0,50,0,0,0,WIFI
127289,27,2427.0,50,0,0,0,WIFI
127321,32,2432.0,50,0,0,0,WIFI
127353,37,2437.0,50,0,0,0,WIFI
127386,42,2442.0,50,0,0,0,WIFI
127419,47,2447.0,50,0,0,0,WIFI
127452,52,2452.0,50,0,0,0,WIFI
127484,57,2457.0,50,0,0,0,WIFI
127517,62,2462.0,50,0,0,0,WIFI
127550,67,2467.0,50,0,0,0,WIFI
127583,72,2472.0,50,0,0,0,WIFI
128615,12,2412.0,50,4,8,0,WIFI
128648,17,2417.0,50,0,0,0,WIFI
128680,22,2422.0,50,0,0,0,WIFI
128713,27,2427.0,50,1,2,0,WIFI
128746,32,2432.0,50,0,0,0,WIFI
128778,37,2437.0,50,2,4,0,WIFI
128811,42,2442.0,50,0,0,0,WIFI
128843,47,2447.0,50,0,0,0,WIFI
128876,52,2452.0,50,0,0,0,WIFI
128909,57,2457.0,50,0,0,0,WIFI
128942,62,2462.0,50,0,0,0,WIFI
128974,67,2467.0,50,0,0,0,WIFI
129007,72,2472.0,50,0,0,0,WIFI
130039,12,2412.0,50,4,8,0,WIFI
130072,17,2417.0,50,0,0,0,WIFI
130105,22,2422.0,50,1,2,0,WIFI
130138,27,2427.0,50,0,0,0,WIFI
130170,32,2432.0,50,0,0,0,WIFI
130203,37,2437.0,50,0,0,0,WIFI
130236,42,2442.0,50,0,0,0,WIFI
130268,47,2447.0,50,0,0,0,WIFI
130300,52,2452.0,50,0,0,0,WIFI
130333,57,2457.0,50,0,0,0,WIFI
130366,62,2462.0,50,0,0,0,WIFI
130399,67,2467.0,50,0,0,0,WIFI
130432,72,2472.0,50,0,0,0,WIFI
131464,12,2412.0,50,0,0,0,WIFI
131496,17,2417.0,50,4,8,0,WIFI
131529,22,2422.0,50,1,2,0,WIFI
131562,27,2427.0,50,1,2,0,WIFI
131595,32,2432.0,50,0,0,0,WIFI
131628,37,2437.0,50,0,0,0,WIFI
131660,42,2442.0,50,0,0,0,WIFI
131693,47,2447.0,50,0,0,0,WIFI
131725,52,2452.0,50,0,0,0,WIFI
131758,57,2457.0,50,0,0,0,WIFI
131790,62,2462.0,50,0,0,0,WIFI
131823,67,2467.0,50,0,0,0,WIFI
131856,72,2472.0,50,0,0,0,WIFI
132888,12,2412.0,50,2,4,0,WIFI
132921,17,2417.0,50,4,8,0,WIFI
132954,22,2422.0,50,0,0,0,WIFI
132986,27,2427.0,50,0,0,0,WIFI
133019,32,2432.0,50,0,0,0,WIFI
133052,37,2437.0,50,0,0,0,WIFI
133085,42,2442.0,50,0,0,0,WIFI
133117,47,2447.0,50,0,0,0,WIFI
133150,52,2452.0,50,0,0,0,WIFI
133182,57,2457.0,50,0,0,0,WIFI
133215,62,2462.0,50,0,0,0,WIFI
133248,67,2467.0,50,0,0,0,WIFI
133280,72,2472.0,50,1,2,0,WIFI
134313,12,2412.0,50,1,2,0,WIFI
134346,17,2417.0,50,4,8,0,WIFI
134378,22,2422.0,50,0,0,0,WIFI
134411,27,2427.0,50,1,2,0,WIFI
134444,32,2432.0,50,0,0,0,WIFI
134476,37,2437.0,50,0,0,0,WIFI
134509,42,2442.0,50,0,0,0,WIFI
134542,47,2447.0,50,0,0,0,WIFI
134575,52,2452.0,50,0,0,0,WIFI
134607,57,2457.0,50,0,0,0,WIFI
134640,62,2462.0,50,0,0,0,WIFI
134672,67,2467.0,50,0,0,0,WIFI
134705,72,2472.0,50,0,0,0,WIFI
135738,12,2412.0,50,0,0,0,WIFI
135771,17,2417.0,50,3,6,0,WIFI
135803,22,2422.0,50,0,0,0,WIFI
135835,27,2427.0,50,0,0,0,WIFI
135868,32,2432.0,50,0,0,0,WIFI
135901,37,2437.0,50,0,0,0,WIFI
135933,42,2442.0,50,0,0,0,WIFI
135966,47,2447.0,50,0,0,0,WIFI
135999,52,2452.0,50,0,0,0,WIFI
136032,57,2457.0,50,0,0,0,WIFI
136065,62,2462.0,50,0,0,0,WIFI
136097,67,2467.0,50,0,0,0,WIFI
136129,72,2472.0,50,0,0,0,WIFI
137162,12,2412.0,50,1,2,0,WIFI
137195,17,2417.0,50,0,0,0,WIFI
137228,22,2422.0,50,0,0,0,WIFI
137261,27,2427.0,50,1,2,0,WIFI
137292,32,2432.0,50,0,0,0,WIFI
137325,37,2437.0,50,0,0,0,WIFI
137358,42,2442.0,50,0,0,0,WIFI
137391,47,2447.0,50,0,0,0,WIFI
137423,52,2452.0,50,0,0,0,WIFI
137456,57,2457.0,50,0,0,0,WIFI
137489,62,2462.0,50,0,0,0,WIFI
137522,67,2467.0,50,0,0,0,WIFI
137554,72,2472.0,50,0,0,0,WIFI
138587,12,2412.0,50,1,2,0,WIFI
138619,17,2417.0,50,0,0,0,WIFI
138652,22,2422.0,50,0,0,0,WIFI
138685,27,2427.0,50,1,2,0,WIFI
138718,32,2432.0,50,0,0,0,WIFI
138750,37,2437.0,50,0,0,0,WIFI
138782,42,2442.0,50,0,0,0,WIFI
138815,47,2447.0,50,0,0,0,WIFI
138848,52,2452.0,50,0,0,0,WIFI
138881,57,2457.0,50,0,0,0,WIFI
138913,62,2462.0,50,0,0,0,WIFI
138946,67,2467.0,50,0,0,0,WIFI
138979,72,2472.0,50,0,0,0,WIFI
140011,12,2412.0,50,0,0,0,WIFI
140044,17,2417.0,50,1,2,0,WIFI
140077,22,2422.0,50,0,0,0,WIFI
140109,27,2427.0,50,0,0,0,WIFI
140142,32,2432.0,50,0,0,0,WIFI
140175,37,2437.0,50,0,0,0,WIFI
140208,42,2442.0,50,0,0,0,WIFI
140239,47,2447.0,50,0,0,0,WIFI
140272,52,2452.0,50,0,0,0,WIFI
140305,57,2457.0,50,0,0,0,WIFI
140338,62,2462.0,50,0,0,0,WIFI
140370,67,2467.0,50,0,0,0,WIFI
140403,72,2472.0,50,0,0,0,WIFI
141435,12,2412.0,50,0,0,0,WIFI
141468,17,2417.0,50,1,2,0,WIFI
141501,22,2422.0,50,0,0,0,WIFI
141534,27,2427.0,50,0,0,0,WIFI
141566,32,2432.0,50,0,0,0,WIFI
141599,37,2437.0,50,0,0,0,WIFI
141632,42,2442.0,50,0,0,0,WIFI
141665,47,2447.0,50,0,0,0,WIFI
141698,52,2452.0,50,0,0,0,WIFI
141729,57,2457.0,50,0,0,0,WIFI
141762,62,2462.0,50,0,0,0,WIFI
141795,67,2467.0,50,0,0,0,WIFI
141828,72,2472.0,50,0,0,0,WIFI
142861,12,2412.0,50,6,12,0,WIFI
142894,17,2417.0,50,0,0,0,WIFI
142925,22,2422.0,50,0,0,0,WIFI
142958,27,2427.0,50,1,2,0,WIFI
142991,32,2432.0,50,0,0,0,WIFI
143024,37,2437.0,50,4,8,0,WIFI
143056,42,2442.0,50,0,0,0,WIFI
143089,47,2447.0,50,0,0,0,WIFI
143122,52,2452.0,50,0,0,0,WIFI
143155,57,2457.0,50,0,0,0,WIFI
143187,62,2462.0,50,0,0,0,WIFI
143219,67,2467.0,50,0,0,0,WIFI
143252,72,2472.0,50,0,0,0,WIFI
144285,12,2412.0,50,5,10,0,WIFI
144318,17,2417.0,50,2,4,0,WIFI
144351,22,2422.0,50,0,0,0,WIFI
144382,27,2427.0,50,0,0,0,WIFI
144415,32,2432.0,50,0,0,0,WIFI
144448,37,2437.0,50,0,0,0,WIFI
144481,42,2442.0,50,0,0,0,WIFI
144514,47,2447.0,50,0,0,0,WIFI
144546,52,2452.0,50,0,0,0,WIFI
144579,57,2457.0,50,0,0,0,WIFI
144612,62,2462.0,50,0,0,0,WIFI
144645,67,2467.0,50,0,0,0,WIFI
144676,72,2472.0,50,0,0,0,WIFI
145710,12,2412.0,50,5,10,0,WIFI
145742,17,2417.0,50,0,0,0,WIFI
145775,22,2422.0,50,0,0,0,WIFI
145808,27,2427.0,50,0,0,0,WIFI
145841,32,2432.0,50,0,0,0,WIFI
145872,37,2437.0,50,0,0,0,WIFI
145905,42,2442.0,50,0,0,0,WIFI
145938,47,2447.0,50,0,0,0,WIFI
145971,52,2452.0,50,0,0,0,WIFI
146003,57,2457.0,50,0,0,0,WIFI
146036,62,2462.0,50,0,0,0,WIFI
146069,67,2467.0,50,0,0,0,WIFI
146102,72,2472.0,50,0,0,0,WIFI
147134,12,2412.0,50,1,2,0,WIFI
147167,17,2417.0,50,1,2,0,WIFI
147200,22,2422.0,50,0,0,0,WIFI
147232,27,2427.0,50,0,0,0,WIFI
147265,32,2432.0,50,0,0,0,WIFI
147298,37,2437.0,50,0,0,0,WIFI
147331,42,2442.0,50,0,0,0,WIFI
147362,47,2447.0,50,0,0,0,WIFI
147395,52,2452.0,50,0,0,0,WIFI
147428,57,2457.0,50,1,2,0,WIFI
147461,62,2462.0,50,0,0,0,WIFI
147493,67,2467.0,50,0,0,0,WIFI
147526,72,2472.0,50,0,0,0,WIFI
148558,12,2412.0,50,0,0,0,WIFI
148591,17,2417.0,50,3,6,0,WIFI
148624,22,2422.0,50,0,0,0,WIFI
148657,27,2427.0,50,1,2,0,WIFI
148689,32,2432.0,50,0,0,0,WIFI
148722,37,2437.0,50,2,4,0,WIFI
148755,42,2442.0,50,0,0,0,WIFI
148788,47,2447.0,50,0,0,0,WIFI
148819,52,2452.0,50,0,0,0,WIFI
148852,57,2457.0,50,0,0,0,WIFI
148885,62,2462.0,50,0,0,0,WIFI
148918,67,2467.0,50,0,0,0,WIFI
148951,72,2472.0,50,0,0,0,WIFI
149983,12,2412.0,50,0,0,0,WIFI
150016,17,2417.0,50,4,8,0,WIFI
150048,22,2422.0,50,0,0,0,WIFI
150081,27,2427.0,50,1,2,0,WIFI
150114,32,2432.0,50,0,0,0,WIFI
150147,37,2437.0,50,0,0,0,WIFI
150179,42,2442.0,50,0,0,0,WIFI
150212,47,2447.0,50,0,0,0,WIFI
150245,52,2452.0,50,0,0,0,WIFI
150278,57,2457.0,50,0,0,0,WIFI
150309,62,2462.0,50,0,0,0,WIFI
150342,67,2467.0,50,0,0,0,WIFI
150375,72,2472.0,50,0,0,0,WIFI
151408,12,2412.0,50,1,2,0,WIFI
151441,17,2417.0,50,3,6,0,WIFI
151473,22,2422.0,50,0,0,0,WIFI
151505,27,2427.0,50,1,2,0,WIFI
151538,32,2432.0,50,0,0,0,WIFI
151571,37,2437.0,50,0,0,0,WIFI
151604,42,2442.0,50,0,0,0,WIFI
151636,47,2447.0,50,0,0,0,WIFI
151669,52,2452.0,50,0,0,0,WIFI
151702,57,2457.0,50,0,0,0,WIFI
151735,62,2462.0,50,0,0,0,WIFI
151767,67,2467.0,50,0,0,0,WIFI
151799,72,2472.0,50,0,0,0,WIFI
152833,12,2412.0,50,1,2,0,WIFI
152865,17,2417.0,50,0,0,0,WIFI
152898,22,2422.0,50,0,0,0,WIFI
152930,27,2427.0,50,0,0,0,WIFI
152963,32,2432.0,50,0,0,0,WIFI
152995,37,2437.0,50,0,0,0,WIFI
153028,42,2442.0,50,0,0,0,WIFI
153061,47,2447.0,50,0,0,0,WIFI
153094,52,2452.0,50,0,0,0,WIFI
153126,57,2457.0,50,0,0,0,WIFI
153159,62,2462.0,50,1,2,0,WIFI
153192,67,2467.0,50,0,0,0,WIFI
153225,72,2472.0,50,0,0,0,WIFI
154257,12,2412.0,50,1,2,0,WIFI
154290,17,2417.0,50,1,2,0,WIFI
154322,22,2422.0,50,0,0,0,WIFI
154355,27,2427.0,50,1,2,0,WIFI
154388,32,2432.0,50,0,0,0,WIFI
154420,37,2437.0,50,0,0,0,WIFI
154452,42,2442.0,50,0,0,0,WIFI
154485,47,2447.0,50,0,0,0,WIFI
154518,52,2452.0,50,0,0,0,WIFI
154551,57,2457.0,50,0,0,0,WIFI
154584,62,2462.0,50,0,0,0,WIFI
154616,67,2467.0,50,0,0,0,WIFI
154649,72,2472.0,50,0,0,0,WIFI
155681,12,2412.0,50,0,0,0,WIFI
155714,17,2417.0,50,0,0,0,WIFI
155747,22,2422.0,50,0,0,0,WIFI
155780,27,2427.0,50,0,0,0,WIFI
155812,32,2432.0,50,0,0,0,WIFI
155845,37,2437.0,50,1,2,0,WIFI
155877,42,2442.0,50,0,0,0,WIFI
155910,47,2447.0,50,0,0,0,WIFI
155942,52,2452.0,50,0,0,0,WIFI
155975,57,2457.0,50,0,0,0,WIFI
156008,62,2462.0,50,0,0,0,WIFI
156041,67,2467.0,50,0,0,0,WIFI
156073,72,2472.0,50,0,0,0,WIFI
157106,12,2412.0,50,0,0,0,WIFI
157138,17,2417.0,50,1,2,0,WIFI
157171,22,2422.0,50,0,0,0,WIFI
157204,27,2427.0,50,0,0,0,WIFI
157237,32,2432.0,50,0,0,0,WIFI
157270,37,2437.0,50,0,0,0,WIFI
157302,42,2442.0,50,0,0,0,WIFI
157335,47,2447.0,50,1,2,0,WIFI
157367,52,2452.0,50,0,0,0,WIFI
157400,57,2457.0,50,0,0,0,WIFI
157432,62,2462.0,50,0,0,0,WIFI
157465,67,2467.0,50,0,0,0,WIFI
157498,72,2472.0,50,0,0,0,WIFI
158530,12,2412.0,50,4,8,0,WIFI
158563,17,2417.0,50,1,2,0,WIFI
158596,22,2422.0,50,0,0,0,WIFI
158628,27,2427.0,50,0,0,0,WIFI
158661,32,2432.0,50,0,0,0,WIFI
158694,37,2437.0,50,1,2,0,WIFI
158727,42,2442.0,50,0,0,0,WIFI
158759,47,2447.0,50,0,0,0,WIFI
158792,52,2452.0,50,0,0,0,WIFI
158825,57,2457.0,50,0,0,0,WIFI
158857,62,2462.0,50,0,0,0,WIFI
158889,67,2467.0,50,0,0,0,WIFI
158922,72,2472.0,50,0,0,0,WIFI
159955,12,2412.0,50,4,8,0,WIFI
159988,17,2417.0,50,0,0,0,WIFI
160020,22,2422.0,50,0,0,0,WIFI
160053,27,2427.0,50,1,2,0,WIFI
160086,32,2432.0,50,0,0,0,WIFI
160118,37,2437.0,50,3,6,0,WIFI
160151,42,2442.0,50,0,0,0,WIFI
160184,47,2447.0,50,0,0,0,WIFI
160217,52,2452.0,50,0,0,0,WIFI
160249,57,2457.0,50,0,0,0,WIFI
160282,62,2462.0,50,0,0,0,WIFI
160314,67,2467.0,50,0,0,0,WIFI
160347,72,2472.0,50,0,0,0,WIFI
161380,12,2412.0,50,4,8,0,WIFI
161413,17,2417.0,50,0,0,0,WIFI
161445,22,2422.0,50,1,2,0,WIFI
161477,27,2427.0,50,0,0,0,WIFI
161510,32,2432.0,50,0,0,0,WIFI
161543,37,2437.0,50,0,0,0,WIFI
161575,42,2442.0,50,9,18,0,WIFI
161608,47,2447.0,50,0,0,0,WIFI
161641,52,2452.0,50,0,0,0,WIFI
161674,57,2457.0,50,0,0,0,WIFI
161707,62,2462.0,50,0,0,0,WIFI
161739,67,2467.0,50,0,0,0,WIFI
161771,72,2472.0,50,1,2,0,WIFI
162804,12,2412.0,50,1,2,0,WIFI
162837,17,2417.0,50,0,0,0,WIFI
162870,22,2422.0,50,0,0,0,WIFI
162903,27,2427.0,50,1,2,0,WIFI
162935,32,2432.0,50,0,0,0,WIFI
162967,37,2437.0,50,0,0,0,WIFI
163000,42,2442.0,50,0,0,0,WIFI
163033,47,2447.0,50,0,0,0,WIFI
163065,52,2452.0,50,0,0,0,WIFI
163098,57,2457.0,50,0,0,0,WIFI
163131,62,2462.0,50,0,0,0,WIFI
163164,67,2467.0,50,0,0,0,WIFI
163196,72,2472.0,50,0,0,0,WIFI
164229,12,2412.0,50,0,0,0,WIFI
164261,17,2417.0,50,3,6,0,WIFI
164294,22,2422.0,50,1,2,0,WIFI
164327,27,2427.0,50,0,0,0,WIFI
164360,32,2432.0,50,0,0,0,WIFI
164392,37,2437.0,50,2,4,0,WIFI
164424,42,2442.0,50,0,0,0,WIFI
164457,47,2447.0,50,0,0,0,WIFI
164490,52,2452.0,50,0,0,0,WIFI
164523,57,2457.0,50,0,0,0,WIFI
164555,62,2462.0,50,0,0,0,WIFI
164588,67,2467.0,50,0,0,0,WIFI
164621,72,2472.0,50,0,0,0,WIFI
165653,12,2412.0,50,1,2,0,WIFI
165686,17,2417.0,50,5,10,0,WIFI
165719,22,2422.0,50,0,0,0,WIFI
165751,27,2427.0,50,2,4,0,WIFI
165784,32,2432.0,50,0,0,0,WIFI
165817,37,2437.0,50,0,0,0,WIFI
165850,42,2442.0,50,0,0,0,WIFI
165882,47,2447.0,50,0,0,0,WIFI
165914,52,2452.0,50,0,0,0,WIFI
165947,57,2457.0,50,0,0,0,WIFI
165980,62,2462.0,50,0,0,0,WIFI
166012,67,2467.0,50,0,0,0,WIFI
166045,72,2472.0,50,0,0,0,WIFI
167077,12,2412.0,50,1,2,0,WIFI
167110,17,2417.0,50,3,6,0,WIFI
167143,22,2422.0,50,0,0,0,WIFI
167176,27,2427.0,50,0,0,0,WIFI
167208,32,2432.0,50,0,0,0,WIFI
167241,37,2437.0,50,0,0,0,WIFI
167274,42,2442.0,50,0,0,0,WIFI
167307,47,2447.0,50,0,0,0,WIFI
167340,52,2452.0,50,0,0,0,WIFI
167371,57,2457.0,50,0,0,0,WIFI
167404,62,2462.0,50,0,0,0,WIFI
167437,67,2467.0,50,0,0,0,WIFI
167470,72,2472.0,50,0,0,0,WIFI
168503,12,2412.0,50,0,0,0,WIFI
168535,17,2417.0,50,1,2,0,WIFI
168567,22,2422.0,50,0,0,0,WIFI
168600,27,2427.0,50,1,2,0,WIFI
168633,32,2432.0,50,0,0,0,WIFI
168666,37,2437.0,50,2,4,0,WIFI
168698,42,2442.0,50,0,0,0,WIFI
168731,47,2447.0,50,0,0,0,WIFI
168764,52,2452.0,50,0,0,0,WIFI
168797,57,2457.0,50,0,0,0,WIFI
168829,62,2462.0,50,0,0,0,WIFI
168861,67,2467.0,50,0,0,0,WIFI
168894,72,2472.0,50,0,0,0,WIFI
169927,12,2412.0,50,0,0,0,WIFI
169960,17,2417.0,50,1,2,0,WIFI
169993,22,2422.0,50,0,0,0,WIFI
170024,27,2427.0,50,0,0,0,WIFI
170057,32,2432.0,50,0,0,0,WIFI
170090,37,2437.0,50,0,0,0,WIFI
170123,42,2442.0,50,0,0,0,WIFI
170156,47,2447.0,50,0,0,0,WIFI
170188,52,2452.0,50,0,0,0,WIFI
170221,57,2457.0,50,0,0,0,WIFI
170254,62,2462.0,50,0,0,0,WIFI
170287,67,2467.0,50,0,0,0,WIFI
170318,72,2472.0,50,0,0,0,WIFI
171352,12,2412.0,50,1,2,0,WIFI
171384,17,2417.0,50,5,10,0,WIFI
171417,22,2422.0,50,1,2,0,WIFI
171450,27,2427.0,50,0,0,0,WIFI
171483,32,2432.0,50,0,0,0,WIFI
171514,37,2437.0,50,1,2,0,WIFI
171547,42,2442.0,50,0,0,0,WIFI
171580,47,2447.0,50,0,0,0,WIFI
171613,52,2452.0,50,0,0,0,WIFI
171645,57,2457.0,50,0,0,0,WIFI
171678,62,2462.0,50,0,0,0,WIFI
171711,67,2467.0,50,0,0,0,WIFI
171744,72,2472.0,50,0,0,0,WIFI
172776,12,2412.0,50,0,0,0,WIFI
172809,17,2417.0,50,1,2,0,WIFI
172841,22,2422.0,50,0,0,0,WIFI
172874,27,2427.0,50,0,0,0,WIFI
172907,32,2432.0,50,0,0,0,WIFI
172940,37,2437.0,50,0,0,0,WIFI
172972,42,2442.0,50,0,0,0,WIFI
173004,47,2447.0,50,0,0,0,WIFI
173037,52,2452.0,50,0,0,0,WIFI
173070,57,2457.0,50,0,0,0,WIFI
173103,62,2462.0,50,0,0,0,WIFI
173135,67,2467.0,50,0,0,0,WIFI
173168,72,2472.0,50,0,0,0,WIFI
174200,12,2412.0,50,3,6,0,WIFI
174233,17,2417.0,50,2,4,0,WIFI
174266,22,2422.0,50,0,0,0,WIFI
174299,27,2427.0,50,0,0,0,WIFI
174331,32,2432.0,50,0,0,0,WIFI
174364,37,2437.0,50,1,2,0,WIFI
174397,42,2442.0,50,0,0,0,WIFI
174429,47,2447.0,50,0,0,0,WIFI
174461,52,2452.0,50,0,0,0,WIFI
174494,57,2457.0,50,4,8,0,WIFI
174527,62,2462.0,50,0,0,0,WIFI
174560,67,2467.0,50,0,0,0,WIFI
174593,72,2472.0,50,0,0,0,WIFI
175625,12,2412.0,50,4,8,0,WIFI
175657,17,2417.0,50,1,2,0,WIFI
175690,22,2422.0,50,0,0,0,WIFI
175723,27,2427.0,50,0,0,0,WIFI
175756,32,2432.0,50,0,0,0,WIFI
175789,37,2437.0,50,2,4,0,WIFI
175821,42,2442.0,50,0,0,0,WIFI
175854,47,2447.0,50,0,0,0,WIFI
175887,52,2452.0,50,0,0,0,WIFI
175919,57,2457.0,50,0,0,0,WIFI
175951,62,2462.0,50,0,0,0,WIFI
175984,67,2467.0,50,0,0,0,WIFI
176017,72,2472.0,50,0,0,0,WIFI
177050,12,2412.0,50,3,6,0,WIFI
177082,17,2417.0,50,0,0,0,WIFI
177115,22,2422.0,50,1,2,0,WIFI
177147,27,2427.0,50,1,2,0,WIFI
177180,32,2432.0,50,0,0,0,WIFI
177213,37,2437.0,50,0,0,0,WIFI
177246,42,2442.0,50,0,0,0,WIFI
177278,47,2447.0,50,0,0,0,WIFI
177311,52,2452.0,50,0,0,0,WIFI
177344,57,2457.0,50,0,0,0,WIFI
177376,62,2462.0,50,0,0,0,WIFI
177409,67,2467.0,50,0,0,0,WIFI
177441,72,2472.0,50,0,0,0,WIFI
178475,12,2412.0,50,4,8,0,WIFI
178507,17,2417.0,50,1,2,0,WIFI
178539,22,2422.0,50,0,0,0,WIFI
178572,27,2427.0,50,0,0,0,WIFI
178605,32,2432.0,50,0,0,0,WIFI
178637,37,2437.0,50,0,0,0,WIFI
178670,42,2442.0,50,0,0,0,WIFI
178703,47,2447.0,50,0,0,0,WIFI
178736,52,2452.0,50,0,0,0,WIFI
178768,57,2457.0,50,0,0,0,WIFI
178801,62,2462.0,50,0,0,0,WIFI
178834,67,2467.0,50,0,0,0,WIFI
178866,72,2472.0,50,0,0,0,WIFI
179899,12,2412.0,50,4,8,0,WIFI
179932,17,2417.0,50,4,8,0,WIFI
179964,22,2422.0,50,0,0,0,WIFI
179997,27,2427.0,50,0,0,0,WIFI
180029,32,2432.0,50,0,0,0,WIFI
180062,37,2437.0,50,2,4,0,WIFI
180094,42,2442.0,50,0,0,0,WIFI
180127,47,2447.0,50,0,0,0,WIFI
180160,52,2452.0,50,0,0,0,WIFI
180193,57,2457.0,50,3,6,0,WIFI
180226,62,2462.0,50,1,2,0,WIFI
180258,67,2467.0,50,0,0,0,WIFI
180291,72,2472.0,50,0,0,0,WIFI
181323,12,2412.0,50,0,0,0,WIFI
181356,17,2417.0,50,4,8,0,WIFI
181389,22,2422.0,50,0,0,0,WIFI
181422,27,2427.0,50,2,4,0,WIFI
181454,32,2432.0,50,0,0,0,WIFI
181486,37,2437.0,50,1,2,0,WIFI
181519,42,2442.0,50,0,0,0,WIFI
181552,47,2447.0,50,0,0,0,WIFI
181584,52,2452.0,50,2,4,0,WIFI
181617,57,2457.0,50,0,0,0,WIFI
181650,62,2462.0,50,0,0,0,WIFI
181683,67,2467.0,50,0,0,0,WIFI
181715,72,2472.0,50,2,4,0,WIFI
182748,12,2412.0,50,0,0,0,WIFI
182780,17,2417.0,50,4,8,0,WIFI
182813,22,2422.0,50,0,0,0,WIFI
182846,27,2427.0,50,0,0,0,WIFI
182879,32,2432.0,50,0,0,0,WIFI
182912,37,2437.0,50,0,0,0,WIFI
182944,42,2442.0,50,0,0,0,WIFI
182976,47,2447.0,50,0,0,0,WIFI
183009,52,2452.0,50,0,0,0,WIFI
183042,57,2457.0,50,3,6,0,WIFI
183074,62,2462.0,50,0,0,0,WIFI
183107,67,2467.0,50,0,0,0,WIFI
183140,72,2472.0,50,0,0,0,WIFI
184172,12,2412.0,50,2,4,0,WIFI
184205,17,2417.0,50,0,0,0,WIFI
184238,22,2422.0,50,1,2,0,WIFI
184270,27,2427.0,50,0,0,0,WIFI
184303,32,2432.0,50,0,0,0,WIFI
184336,37,2437.0,50,0,0,0,WIFI
184369,42,2442.0,50,0,0,0,WIFI
184401,47,2447.0,50,0,0,0,WIFI
184433,52,2452.0,50,0,0,0,WIFI
184466,57,2457.0,50,0,0,0,WIFI
184499,62,2462.0,50,0,0,0,WIFI
184531,67,2467.0,50,0,0,0,WIFI
184564,72,2472.0,50,0,0,0,WIFI
185596,12,2412.0,50,1,2,0,WIFI
185629,17,2417.0,50,0,0,0,WIFI
185662,22,2422.0,50,3,6,0,WIFI
185695,27,2427.0,50,0,0,0,WIFI
185728,32,2432.0,50,0,0,0,WIFI
185760,37,2437.0,50,2,4,0,WIFI
185793,42,2442.0,50,0,0,0,WIFI
185826,47,2447.0,50,0,0,0,WIFI
185859,52,2452.0,50,0,0,0,WIFI
185891,57,2457.0,50,0,0,0,WIFI
185923,62,2462.0,50,0,0,0,WIFI
185956,67,2467.0,50,0,0,0,WIFI
185989,72,2472.0,50,0,0,0,WIFI
187022,12,2412.0,50,0,0,0,WIFI
187055,17,2417.0,50,0,0,0,WIFI
187086,22,2422.0,50,4,8,0,WIFI
187119,27,2427.0,50,0,0,0,WIFI
187152,32,2432.0,50,0,0,0,WIFI
187185,37,2437.0,50,0,0,0,WIFI
187217,42,2442.0,50,0,0,0,WIFI
187250,47,2447.0,50,1,2,0,WIFI
187283,52,2452.0,50,0,0,0,WIFI
187316,57,2457.0,50,0,0,0,WIFI
187348,62,2462.0,50,0,0,0,WIFI
187380,67,2467.0,50,0,0,0,WIFI
187413,72,2472.0,50,0,0,0,WIFI
188446,12,2412.0,50,0,0,0,WIFI
188479,17,2417.0,50,1,2,0,WIFI
188512,22,2422.0,50,0,0,0,WIFI
188544,27,2427.0,50,1,2,0,WIFI
188576,32,2432.0,50,0,0,0,WIFI
188609,37,2437.0,50,0,0,0,WIFI
188642,42,2442.0,50,0,0,0,WIFI
188675,47,2447.0,50,0,0,0,WIFI
188707,52,2452.0,50,0,0,0,WIFI
188740,57,2457.0,50,0,0,0,WIFI
188773,62,2462.0,50,0,0,0,WIFI
188806,67,2467.0,50,0,0,0,WIFI
188838,72,2472.0,50,0,0,0,WIFI
189871,12,2412.0,50,0,0,0,WIFI
189903,17,2417.0,50,1,2,0,WIFI
189936,22,2422.0,50,0,0,0,WIFI
189969,27,2427.0,50,1,2,0,WIFI
190002,32,2432.0,50,0,0,0,WIFI
190033,37,2437.0,50,0,0,0,WIFI
190066,42,2442.0,50,0,0,0,WIFI
190099,47,2447.0,50,0,0,0,WIFI
190132,52,2452.0,50,0,0,0,WIFI
190164,57,2457.0,50,0,0,0,WIFI
190197,62,2462.0,50,0,0,0,WIFI
190230,67,2467.0,50,0,0,0,WIFI
190263,72,2472.0,50,0,0,0,WIFI
191295,12,2412.0,50,4,8,0,WIFI
191328,17,2417.0,50,1,2,0,WIFI
191361,22,2422.0,50,1,2,0,WIFI
191393,27,2427.0,50,0,0,0,WIFI
191426,32,2432.0,50,0,0,0,WIFI
191459,37,2437.0,50,0,0,0,WIFI
191491,42,2442.0,50,1,2,0,WIFI
191523,47,2447.0,50,2,4,0,WIFI
191556,52,2452.0,50,3,6,0,WIFI
191589,57,2457.0,50,0,0,0,WIFI
191622,62,2462.0,50,0,0,0,WIFI
191654,67,2467.0,50,0,0,0,WIFI
191687,72,2472.0,50,0,0,0,WIFI
192719,12,2412.0,50,13,26,1,WIFI
192752,17,2417.0,50,0,0,0,WIFI
192785,22,2422.0,50,1,2,0,WIFI
192818,27,2427.0,50,0,0,0,WIFI
192850,32,2432.0,50,0,0,0,WIFI
192883,37,2437.0,50,0,0,0,WIFI
192916,42,2442.0,50,0,0,0,WIFI
192949,47,2447.0,50,0,0,0,WIFI
192982,52,2452.0,50,0,0,0,WIFI
193013,57,2457.0,50,0,0,0,WIFI
193046,62,2462.0,50,0,0,0,WIFI
193079,67,2467.0,50,0,0,0,WIFI
193112,72,2472.0,50,0,0,0,WIFI
194145,12,2412.0,50,4,8,0,WIFI
194177,17,2417.0,50,0,0,0,WIFI
194209,22,2422.0,50,0,0,0,WIFI
194242,27,2427.0,50,2,4,0,WIFI
194275,32,2432.0,50,0,0,0,WIFI
194308,37,2437.0,50,0,0,0,WIFI
194340,42,2442.0,50,0,0,0,WIFI
194373,47,2447.0,50,0,0,0,WIFI
194406,52,2452.0,50,2,4,0,WIFI
194439,57,2457.0,50,0,0,0,WIFI
194470,62,2462.0,50,1,2,0,WIFI
194503,67,2467.0,50,1,2,0,WIFI
194536,72,2472.0,50,0,0,0,WIFI
195569,12,2412.0,50,0,0,0,WIFI
195602,17,2417.0,50,4,8,0,WIFI
195634,22,2422.0,50,1,2,0,WIFI
195666,27,2427.0,50,0,0,0,WIFI
195699,32,2432.0,50,0,0,0,WIFI
195732,37,2437.0,50,0,0,0,WIFI
195765,42,2442.0,50,0,0,0,WIFI
195798,47,2447.0,50,0,0,0,WIFI
195830,52,2452.0,50,0,0,0,WIFI
195863,57,2457.0,50,0,0,0,WIFI
195896,62,2462.0,50,0,0,0,WIFI
195929,67,2467.0,50,0,0,0,WIFI
195960,72,2472.0,50,0,0,0,WIFI
197525,1,2401.0,50,1,2,0,FULL
197588,3,2403.0,50,1,2,0,FULL
197621,4,2404.0,50,2,4,0,FULL
197654,5,2405.0,50,2,4,0,FULL
197687,6,2406.0,50,1,2,0,FULL
197751,8,2408.0,50,4,8,0,FULL
197783,9,2409.0,50,1,2,0,FULL
197848,11,2411.0,50,4,8,0,FULL
197880,12,2412.0,50,2,4,0,FULL
197944,14,2414.0,50,3,6,0,FULL
198008,16,2416.0,50,1,2,0,FULL
198041,17,2417.0,50,4,8,0,FULL
198105,19,2419.0,50,1,2,0,FULL
198137,20,2420.0,50,3,6,0,FULL
198296,25,2425.0,50,1,2,0,FULL
198329,26,2426.0,50,1,2,0,FULL
198393,28,2428.0,50,1,2,0,FULL
198929,45,2445.0,50,2,4,0,FULL
200031,80,2480.0,50,2,4,0,FULL
202542,2,2402.0,50,1,2,0,FULL
202605,4,2404.0,50,1,2,0,FULL
202638,5,2405.0,50,1,2,0,FULL
202702,7,2407.0,50,1,2,0,FULL
202766,9,2409.0,50,3,6,0,FULL
202799,10,2410.0,50,2,4,0,FULL
202831,11,2411.0,50,2,4,0,FULL
202864,12,2412.0,50,4,8,0,FULL
202897,13,2413.0,50,1,2,0,FULL
202960,15,2415.0,50,3,6,0,FULL
202993,16,2416.0,50,1,2,0,FULL
203026,17,2417.0,50,1,2,0,FULL
203059,18,2418.0,50,4,8,0,FULL
203091,19,2419.0,50,1,2,0,FULL
203156,21,2421.0,50,5,10,0,FULL
205043,81,2481.0,50,2,4,0,FULL
207960,2,2402.0,50,1,2,0,BLE
207992,26,2426.0,50,0,0,0,BLE
208025,80,2480.0,50,0,0,0,BLE
209590,3,2403.0,50,1,2,0,BT
209622,4,2404.0,50,4,8,0,BT
209654,5,2405.0,50,1,2,0,BT
209687,6,2406.0,50,1,2,0,BT
209720,7,2407.0,50,4,8,0,BT
209783,9,2409.0,50,1,2,0,BT
209816,10,2410.0,50,4,8,0,BT
209881,12,2412.0,50,1,2,0,BT
209913,13,2413.0,50,3,6,0,BT
210040,17,2417.0,50,4,8,0,BT
210073,18,2418.0,50,2,4,0,BT
210137,20,2420.0,50,3,6,0,BT
210169,21,2421.0,50,1,2,0,BT
210296,25,2425.0,50,1,2,0,BT
210329,26,2426.0,50,1,2,0,BT
210456,30,2430.0,50,1,2,0,BT
211275,56,2456.0,50,2,4,0,BT
213000,2,2402.0,50,5,10,0,BT
213095,5,2405.0,50,5,10,0,BT
213159,7,2407.0,50,1,2,0,BT
213191,8,2408.0,50,4,8,0,BT
213256,10,2410.0,50,1,2,0,BT
213320,12,2412.0,50,1,2,0,BT
213415,15,2415.0,50,4,8,0,BT
213448,16,2416.0,50,1,2,0,BT
213512,18,2418.0,50,3,6,0,BT
213576,20,2420.0,50,1,2,0,BT
213609,21,2421.0,50,5,10,0,BT
213672,23,2423.0,50,1,2,0,BT
214177,39,2439.0,50,1,2,0,BT
214398,46,2446.0,50,1,2,0,BT
216469,3,2403.0,50,1,2,0,BT
216534,5,2405.0,50,1,2,0,BT
216597,7,2407.0,50,1,2,0,BT
216630,8,2408.0,50,1,2,0,BT
216663,9,2409.0,50,1,2,0,BT
216695,10,2410.0,50,4,8,0,BT
216791,13,2413.0,50,4,8,0,BT
216823,14,2414.0,50,2,4,0,BT
216887,16,2416.0,50,3,6,0,BT
216983,19,2419.0,50,4,8,0,BT
217015,20,2420.0,50,1,2,0,BT
217048,21,2421.0,50,1,2,0,BT
217206,26,2426.0,50,1,2,0,BT
217585,38,2438.0,50,2,4,0,BT
217618,39,2439.0,50,1,2,0,BT
218090,54,2454.0,50,1,2,0,BT
218123,55,2455.0,50,1,2,0,BT
219879,2,2402.0,50,1,2,0,BT
219912,3,2403.0,50,1,2,0,BT
219944,4,2404.0,50,3,6,0,BT
220008,6,2406.0,50,1,2,0,BT
220041,7,2407.0,50,1,2,0,BT
220073,8,2408.0,50,3,6,0,BT
220106,9,2409.0,50,2,4,0,BT
220139,10,2410.0,50,1,2,0,BT
220172,11,2411.0,50,4,8,0,BT
220204,12,2412.0,50,2,4,0,BT
220268,14,2414.0,50,4,8,0,BT
220333,16,2416.0,50,1,2,0,BT
220364,17,2417.0,50,3,6,0,BT
220397,18,2418.0,50,1,2,0,BT
220430,19,2419.0,50,1,2,0,BT
220526,22,2422.0,50,1,2,0,BT
220653,26,2426.0,50,1,2,0,BT
222258,77,2477.0,50,1,2,0,BT
223385,4,2404.0,50,1,2,0,BT
223449,6,2406.0,50,3,6,0,BT
223481,7,2407.0,50,1,2,0,BT
223514,8,2408.0,50,1,2,0,BT
223547,9,2409.0,50,4,8,0,BT
223642,12,2412.0,50,4,8,0,BT
223675,13,2413.0,50,1,2,0,BT
223708,14,2414.0,50,1,2,0,BT
223739,15,2415.0,50,4,8,0,BT
223804,17,2417.0,50,1,2,0,BT
223837,18,2418.0,50,1,2,0,BT
223900,20,2420.0,50,2,4,0,BT
224027,24,2424.0,50,1,2,0,BT
224406,36,2436.0,50,1,2,0,BT
224439,37,2437.0,50,3,6,0,BT
225541,72,2472.0,50,1,2,0,BT
226762,2,2402.0,50,1,2,0,BT
226795,3,2403.0,50,1,2,0,BT
226827,4,2404.0,50,4,8,0,BT
226923,7,2407.0,50,4,8,0,BT
226987,9,2409.0,50,2,4,0,BT
227019,10,2410.0,50,3,6,0,BT
227084,12,2412.0,50,1,2,0,BT
227117,13,2413.0,50,4,8,0,BT
227148,14,2414.0,50,1,2,0,BT
227245,17,2417.0,50,4,8,0,BT
227277,18,2418.0,50,1,2,0,BT
227341,20,2420.0,50,5,10,0,BT
227500,25,2425.0,50,1,2,0,BT
227532,26,2426.0,50,2,4,0,BT
227879,37,2437.0,50,1,2,0,BT
230233,3,2403.0,50,1,2,0,BT
230265,4,2404.0,50,2,4,0,BT
230298,5,2405.0,50,4,8,0,BT
230331,6,2406.0,50,1,2,0,BT
230394,8,2408.0,50,4,8,0,BT
230427,9,2409.0,50,1,2,0,BT
230460,10,2410.0,50,1,2,0,BT
230493,11,2411.0,50,1,2,0,BT
230556,13,2413.0,50,1,2,0,BT
230621,15,2415.0,50,4,8,0,BT
230653,16,2416.0,50,1,2,0,BT
230686,17,2417.0,50,1,2,0,BT
230718,18,2418.0,50,4,8,0,BT
230751,19,2419.0,50,1,2,0,BT
230784,20,2420.0,50,1,2,0,BT
230816,21,2421.0,50,4,8,0,BT
230943,25,2425.0,50,1,2,0,BT
231070,29,2429.0,50,1,2,0,BT
231261,35,2435.0,50,1,2,0,BT
233646,2,2402.0,50,1,2,0,BT
233677,3,2403.0,50,2,4,0,BT
233710,4,2404.0,50,2,4,0,BT
233743,5,2405.0,50,1,2,0,BT
233776,6,2406.0,50,5,10,0,BT
233808,7,2407.0,50,1,2,0,BT
233841,8,2408.0,50,1,2,0,BT
233873,9,2409.0,50,2,4,0,BT
233937,11,2411.0,50,1,2,0,BT
234002,13,2413.0,50,4,8,0,BT
234034,14,2414.0,50,2,4,0,BT
234066,15,2415.0,50,1,2,0,BT
234099,16,2416.0,50,3,6,0,BT
234132,17,2417.0,50,3,6,0,BT
234196,19,2419.0,50,4,8,0,BT
234260,21,2421.0,50,1,2,0,BT
234356,24,2424.0,50,1,2,0,BT
234420,26,2426.0,50,1,2,0,BT
234641,33,2433.0,50,1,2,0,BT
234737,36,2436.0,50,1,2,0,BT
234769,37,2437.0,50,3,6,0,BT
234802,38,2438.0,50,2,4,0,BT
237124,3,2403.0,50,1,2,0,BT
237157,4,2404.0,50,4,8,0,BT
237190,5,2405.0,50,2,4,0,BT
237221,6,2406.0,50,1,2,0,BT
237254,7,2407.0,50,4,8,0,BT
237287,8,2408.0,50,1,2,0,BT
237320,9,2409.0,50,2,4,0,BT
237352,10,2410.0,50,1,2,0,BT
237385,11,2411.0,50,1,2,0,BT
237417,12,2412.0,50,2,4,0,BT
237450,13,2413.0,50,1,2,0,BT
237483,14,2414.0,50,4,8,0,BT
237515,15,2415.0,50,3,6,0,BT
237548,16,2416.0,50,2,4,0,BT
237581,17,2417.0,50,5,10,0,BT
237614,18,2418.0,50,1,2,0,BT
237646,19,2419.0,50,10,20,1,BT
237679,20,2420.0,50,9,18,0,BT
237712,21,2421.0,50,5,10,0,BT
237744,22,2422.0,50,3,6,0,BT
237808,24,2424.0,50,1,2,0,BT
237841,25,2425.0,50,1,2,0,BT
237936,28,2428.0,50,2,4,0,BT
238629,50,2450.0,50,1,2,0,BT
238725,53,2453.0,50,1,2,0,BT
238789,55,2455.0,50,2,4,0,BT
238822,56,2456.0,50,3,6,0,BT
240546,2,2402.0,50,2,4,0,BT
240579,3,2403.0,50,1,2,0,BT
240643,5,2405.0,50,8,16,0,BT
240707,7,2407.0,50,1,2,0,BT
240740,8,2408.0,50,4,8,0,BT
240803,10,2410.0,50,3,6,0,BT
240836,11,2411.0,50,1,2,0,BT
240869,12,2412.0,50,2,4,0,BT
240902,13,2413.0,50,1,2,0,BT
240934,14,2414.0,50,1,2,0,BT
240967,15,2415.0,50,4,8,0,BT
240999,16,2416.0,50,1,2,0,BT
241032,17,2417.0,50,1,2,0,BT
241064,18,2418.0,50,3,6,0,BT
241097,19,2419.0,50,1,2,0,BT
241288,25,2425.0,50,1,2,0,BT
241383,28,2428.0,50,1,2,0,BT
241667,37,2437.0,50,1,2,0,BT
241699,38,2438.0,50,2,4,0,BT
241796,41,2441.0,50,2,4,0,BT
241953,46,2446.0,50,1,2,0,BT
242835,74,2474.0,50,1,2,0,BT
243994,2,2402.0,50,3,6,0,BT
244026,3,2403.0,50,1,2,0,BT
244122,6,2406.0,50,4,8,0,BT
244186,8,2408.0,50,1,2,0,BT
244218,9,2409.0,50,3,6,0,BT
244251,10,2410.0,50,1,2,0,BT
244284,11,2411.0,50,1,2,0,BT
244317,12,2412.0,50,1,2,0,BT
244380,14,2414.0,50,1,2,0,BT
244445,16,2416.0,50,3,6,0,BT
244508,18,2418.0,50,1,2,0,BT
244541,19,2419.0,50,4,8,0,BT
244794,27,2427.0,50,1,2,0,BT
245079,36,2436.0,50,1,2,0,BT
245111,37,2437.0,50,4,8,0,BT
247464,3,2403.0,50,1,2,0,BT
247497,4,2404.0,50,4,8,0,BT
247561,6,2406.0,50,2,4,0,BT
247625,8,2408.0,50,1,2,0,BT
247658,9,2409.0,50,1,2,0,BT
247721,11,2411.0,50,4,8,0,BT
247754,12,2412.0,50,1,2,0,BT
247819,14,2414.0,50,4,8,0,BT
247851,15,2415.0,50,2,4,0,BT
247883,16,2416.0,50,1,2,0,BT
247916,17,2417.0,50,4,8,0,BT
247949,18,2418.0,50,1,2,0,BT
247982,19,2419.0,50,4,8,0,BT
248014,20,2420.0,50,5,10,0,BT
248079,22,2422.0,50,1,2,0,BT
248174,25,2425.0,50,2,4,0,BT
248269,28,2428.0,50,2,4,0,BT
248616,39,2439.0,50,3,6,0,BT
248649,40,2440.0,50,2,4,0,BT
249845,78,2478.0,50,1,2,0,BT
250909,3,2403.0,50,1,2,0,BT
250942,4,2404.0,50,1,2,0,BT
250975,5,2405.0,50,3,6,0,BT
251038,7,2407.0,50,1,2,0,BT
251071,8,2408.0,50,1,2,0,BT
251104,9,2409.0,50,4,8,0,BT
251137,10,2410.0,50,1,2,0,BT
251201,12,2412.0,50,4,8,0,BT
251265,14,2414.0,50,1,2,0,BT
251297,15,2415.0,50,3,6,0,BT
251330,16,2416.0,50,1,2,0,BT
251394,18,2418.0,50,4,8,0,BT
251426,19,2419.0,50,1,2,0,BT
251617,25,2425.0,50,3,6,0,BT
251650,26,2426.0,50,1,2,0,BT
251997,37,2437.0,50,2,4,0,BT
254350,3,2403.0,50,3,6,0,BT
254383,4,2404.0,50,4,8,0,BT
254415,5,2405.0,50,1,2,0,BT
254479,7,2407.0,50,4,8,0,BT
254512,8,2408.0,50,2,4,0,BT
254544,9,2409.0,50,1,2,0,BT
254577,10,2410.0,50,3,6,0,BT
254672,13,2413.0,50,5,10,0,BT
254737,15,2415.0,50,2,4,0,BT
254769,16,2416.0,50,4,8,0,BT
254833,18,2418.0,50,1,2,0,BT
254866,19,2419.0,50,3,6,0,BT
254899,20,2420.0,50,1,2,0,BT
254931,21,2421.0,50,1,2,0,BT
255027,24,2424.0,50,1,2,0,BT
255154,28,2428.0,50,1,2,0,BT
255218,30,2430.0,50,1,2,0,BT
255439,37,2437.0,50,2,4,0,BT
255472,38,2438.0,50,4,8,0,BT
256164,60,2460.0,50,1,2,0,BT
257795,3,2403.0,50,2,4,0,BT
257859,5,2405.0,50,3,6,0,BT
257892,6,2406.0,50,2,4,0,BT
257924,7,2407.0,50,1,2,0,BT
257956,8,2408.0,50,3,6,0,BT
257989,9,2409.0,50,1,2,0,BT
258054,11,2411.0,50,4,8,0,BT
258086,12,2412.0,50,1,2,0,BT
258118,13,2413.0,50,1,2,0,BT
258151,14,2414.0,50,4,8,0,BT
258215,16,2416.0,50,1,2,0,BT
258248,17,2417.0,50,3,6,0,BT
258406,22,2422.0,50,1,2,0,BT
258502,25,2425.0,50,1,2,0,BT
260139,77,2477.0,50,1,2,0,BT
261234,3,2403.0,50,4,8,0,BT
261267,4,2404.0,50,1,2,0,BT
261299,5,2405.0,50,1,2,0,BT
261331,6,2406.0,50,3,6,0,BT
261427,9,2409.0,50,3,6,0,BT
261491,11,2411.0,50,1,2,0,BT
261524,12,2412.0,50,4,8,0,BT
261587,14,2414.0,50,1,2,0,BT
261652,16,2416.0,50,3,6,0,BT
261685,17,2417.0,50,1,2,0,BT
261749,19,2419.0,50,4,8,0,BT
261781,20,2420.0,50,1,2,0,BT
261908,24,2424.0,50,1,2,0,BT
262004,27,2427.0,50,1,2,0,BT
262257,35,2435.0,50,1,2,0,BT
264642,2,2402.0,50,1,2,0,BT
264674,3,2403.0,50,1,2,0,BT
264707,4,2404.0,50,4,8,0,BT
264739,5,2405.0,50,1,2,0,BT
264772,6,2406.0,50,1,2,0,BT
264805,7,2407.0,50,6,12,0,BT
264868,9,2409.0,50,1,2,0,BT
264901,10,2410.0,50,2,4,0,BT
264966,12,2412.0,50,2,4,0,BT
265029,14,2414.0,50,4,8,0,BT
265094,16,2416.0,50,1,2,0,BT
265126,17,2417.0,50,4,8,0,BT
265159,18,2418.0,50,1,2,0,BT
265223,20,2420.0,50,5,10,0,BT
265255,21,2421.0,50,1,2,0,BT
265382,25,2425.0,50,1,2,0,BT
265478,28,2428.0,50,1,2,0,BT
265731,36,2436.0,50,1,2,0,BT
265921,42,2442.0,50,1,2,0,BT
268116,3,2403.0,50,1,2,0,BT
268181,5,2405.0,50,4,8,0,BT
268214,6,2406.0,50,1,2,0,BT
268247,7,2407.0,50,5,10,0,BT
268310,9,2409.0,50,3,6,0,BT
268375,11,2411.0,50,1,2,0,BT
268407,12,2412.0,50,5,10,0,BT
268440,13,2413.0,50,1,2,0,BT
268504,15,2415.0,50,5,10,0,BT
268600,18,2418.0,50,4,8,0,BT
268632,19,2419.0,50,1,2,0,BT
268759,23,2423.0,50,1,2,0,BT
268855,26,2426.0,50,1,2,0,BT
268982,30,2430.0,50,3,6,0,BT
269045,32,2432.0,50,3,6,0,BT
269172,36,2436.0,50,1,2,0,BT
269205,37,2437.0,50,1,2,0,BT
269238,38,2438.0,50,5,10,0,BT
269302,40,2440.0,50,1,2,0,BT
269492,46,2446.0,50,3,6,0,BT
269619,50,2450.0,50,1,2,0,BT
269903,59,2459.0,50,2,4,0,BT
269936,60,2460.0,50,2,4,0,BT
269968,61,2461.0,50,3,6,0,BT
270315,72,2472.0,50,2,4,0,BT
270474,77,2477.0,50,1,2,0,BT
271538,2,2402.0,50,1,2,0,BT
271602,4,2404.0,50,1,2,0,BT
271635,5,2405.0,50,1,2,0,BT
271667,6,2406.0,50,4,8,0,BT
271699,7,2407.0,50,1,2,0,BT
271764,9,2409.0,50,5,10,0,BT
271797,10,2410.0,50,1,2,0,BT
271830,11,2411.0,50,1,2,0,BT
271893,13,2413.0,50,5,10,0,BT
271926,14,2414.0,50,1,2,0,BT
271990,16,2416.0,50,3,6,0,BT
272023,17,2417.0,50,1,2,0,BT
272087,19,2419.0,50,9,18,0,BT
272119,20,2420.0,50,4,8,0,BT
272215,23,2423.0,50,1,2,0,BT
272247,24,2424.0,50,1,2,0,BT
272280,25,2425.0,50,4,8,0,BT
272313,26,2426.0,50,2,4,0,BT
272377,28,2428.0,50,1,2,0,BT
274982,2,2402.0,50,2,4,0,BT
275014,3,2403.0,50,1,2,0,BT
275047,4,2404.0,50,4,8,0,BT
275143,7,2407.0,50,4,8,0,BT
275175,8,2408.0,50,10,20,1,BT
275239,10,2410.0,50,1,2,0,BT
275272,11,2411.0,50,7,14,0,BT
275305,12,2412.0,50,1,2,0,BT
275368,14,2414.0,50,3,6,0,BT
275401,15,2415.0,50,1,2,0,BT
275434,16,2416.0,50,1,2,0,BT
275467,17,2417.0,50,4,8,0,BT
275500,18,2418.0,50,1,2,0,BT
275563,20,2420.0,50,4,8,0,BT
275722,25,2425.0,50,1,2,0,BT
275755,26,2426.0,50,1,2,0,BT
275819,28,2428.0,50,1,2,0,BT
278924,12,2412.0,50,1,2,0,WIFI
278957,17,2417.0,50,4,8,0,WIFI
278989,22,2422.0,50,0,0,0,WIFI
279022,27,2427.0,50,0,0,0,WIFI
279054,32,2432.0,50,0,0,0,WIFI
279087,37,2437.0,50,0,0,0,WIFI
279119,42,2442.0,50,0,0,0,WIFI
279152,47,2447.0,50,0,0,0,WIFI
279185,52,2452.0,50,0,0,0,WIFI
279218,57,2457.0,50,0,0,0,WIFI
279250,62,2462.0,50,0,0,0,WIFI
279283,67,2467.0,50,0,0,0,WIFI
279316,72,2472.0,50,0,0,0,WIFI
280348,12,2412.0,50,0,0,0,WIFI
280381,17,2417.0,50,6,12,0,WIFI
280414,22,2422.0,50,0,0,0,WIFI
280446,27,2427.0,50,0,0,0,WIFI
280479,32,2432.0,50,0,0,0,WIFI
280512,37,2437.0,50,0,0,0,WIFI
280544,42,2442.0,50,0,0,0,WIFI
280577,47,2447.0,50,1,2,0,WIFI
280609,52,2452.0,50,0,0,0,WIFI
280642,57,2457.0,50,0,0,0,WIFI
280675,62,2462.0,50,0,0,0,WIFI
280708,67,2467.0,50,1,2,0,WIFI
280740,72,2472.0,50,0,0,0,WIFI
281773,12,2412.0,50,1,2,0,WIFI
281805,17,2417.0,50,3,6,0,WIFI
281838,22,2422.0,50,0,0,0,WIFI
281871,27,2427.0,50,0,0,0,WIFI
281904,32,2432.0,50,0,0,0,WIFI
281936,37,2437.0,50,0,0,0,WIFI
281969,42,2442.0,50,0,0,0,WIFI
282002,47,2447.0,50,0,0,0,WIFI
282034,52,2452.0,50,0,0,0,WIFI
282066,57,2457.0,50,0,0,0,WIFI
282099,62,2462.0,50,0,0,0,WIFI
282132,67,2467.0,50,0,0,0,WIFI
282165,72,2472.0,50,0,0,0,WIFI
283197,12,2412.0,50,1,2,0,WIFI
283230,17,2417.0,50,0,0,0,WIFI
283262,22,2422.0,50,0,0,0,WIFI
283295,27,2427.0,50,0,0,0,WIFI
283328,32,2432.0,50,0,0,0,WIFI
283361,37,2437.0,50,0,0,0,WIFI
283394,42,2442.0,50,0,0,0,WIFI
283426,47,2447.0,50,0,0,0,WIFI
283459,52,2452.0,50,0,0,0,WIFI
283491,57,2457.0,50,0,0,0,WIFI
283524,62,2462.0,50,0,0,0,WIFI
283556,67,2467.0,50,0,0,0,WIFI
283589,72,2472.0,50,0,0,0,WIFI
285154,1,2401.0,50,1,2,0,FULL
285281,5,2405.0,50,5,10,0,FULL
285344,7,2407.0,50,3,6,0,FULL
285409,9,2409.0,50,3,6,0,FULL
285442,10,2410.0,50,1,2,0,FULL
285473,11,2411.0,50,1,2,0,FULL
285506,12,2412.0,50,5,10,0,FULL
285539,13,2413.0,50,1,2,0,FULL
285603,15,2415.0,50,3,6,0,FULL
285699,18,2418.0,50,4,8,0,FULL
285763,20,2420.0,50,1,2,0,FULL
285796,21,2421.0,50,4,8,0,FULL
285891,24,2424.0,50,1,2,0,FULL
285986,27,2427.0,50,1,2,0,FULL
286428,41,2441.0,50,1,2,0,FULL
286838,54,2454.0,50,1,2,0,FULL
287594,78,2478.0,50,1,2,0,FULL
287659,80,2480.0,50,1,2,0,FULL
290200,3,2403.0,50,4,8,0,FULL
290265,5,2405.0,50,1,2,0,FULL
290297,6,2406.0,50,2,4,0,FULL
290361,8,2408.0,50,1,2,0,FULL
290425,10,2410.0,50,3,6,0,FULL
290458,11,2411.0,50,1,2,0,FULL
290491,12,2412.0,50,1,2,0,FULL
290523,13,2413.0,50,4,8,0,FULL
290555,14,2414.0,50,1,2,0,FULL
290620,16,2416.0,50,4,8,0,FULL
290684,18,2418.0,50,1,2,0,FULL
290716,19,2419.0,50,5,10,0,FULL
290938,26,2426.0,50,1,2,0,FULL
292605,79,2479.0,50,2,4,0,FULL
292702,82,2482.0,50,1,2,0,FULL
295181,3,2403.0,50,2,4,0,FULL
295214,4,2404.0,50,2,4,0,FULL
295277,6,2406.0,50,1,2,0,FULL
295342,8,2408.0,50,4,8,0,FULL
295374,9,2409.0,50,1,2,0,FULL
295438,11,2411.0,50,4,8,0,FULL
295471,12,2412.0,50,1,2,0,FULL
295535,14,2414.0,50,4,8,0,FULL
295599,16,2416.0,50,1,2,0,FULL
295631,17,2417.0,50,4,8,0,FULL
295696,19,2419.0,50,1,2,0,FULL
295729,20,2420.0,50,3,6,0,FULL
296547,46,2446.0,50,1,2,0,FULL
297680,82,2482.0,50,1,2,0,FULL
300097,1,2401.0,50,1,2,0,FULL
300161,3,2403.0,50,1,2,0,FULL
300193,4,2404.0,50,1,2,0,FULL
300258,6,2406.0,50,4,8,0,FULL
300353,9,2409.0,50,3,6,0,FULL
300386,10,2410.0,50,1,2,0,FULL
300419,11,2411.0,50,1,2,0,FULL
300451,12,2412.0,50,4,8,0,FULL
300515,14,2414.0,50,2,4,0,FULL
300548,15,2415.0,50,4,8,0,FULL
300612,17,2417.0,50,1,2,0,FULL
300645,18,2418.0,50,4,8,0,FULL
300708,20,2420.0,50,2,4,0,FULL
300741,21,2421.0,50,1,2,0,FULL
300868,25,2425.0,50,1,2,0,FULL
300933,27,2427.0,50,1,2,0,FULL
302223,68,2468.0,50,1,2,0,FULL
302538,78,2478.0,50,1,2,0,FULL
302635,81,2481.0,50,1,2,0,FULL
305551,2,2402.0,50,1,2,0,BLE
305584,26,2426.0,50,0,0,0,BLE
305615,80,2480.0,50,0,0,0,BLE
306649,2,2402.0,50,1,2,0,BLE
306681,26,2426.0,50,0,0,0,BLE
306714,80,2480.0,50,2,4,0,BLE
307746,2,2402.0,50,1,2,0,BLE
307779,26,2426.0,50,1,2,0,BLE
307812,80,2480.0,50,0,0,0,BLE
308844,2,2402.0,50,0,0,0,BLE
308877,26,2426.0,50,0,0,0,BLE
308910,80,2480.0,50,2,4,0,BLE
309942,2,2402.0,50,1,2,0,BLE
309975,26,2426.0,50,0,0,0,BLE
310007,80,2480.0,50,0,0,0,BLE
311041,2,2402.0,50,0,0,0,BLE
311072,26,2426.0,50,0,0,0,BLE
311105,80,2480.0,50,1,2,0,BLE
312138,2,2402.0,50,0,0,0,BLE
312171,26,2426.0,50,2,4,0,BLE
312203,80,2480.0,50,0,0,0,BLE
313236,2,2402.0,50,0,0,0,BLE
313269,26,2426.0,50,0,0,0,BLE
313302,80,2480.0,50,2,4,0,BLE
314334,2,2402.0,50,1,2,0,BLE
314366,26,2426.0,50,0,0,0,BLE
314399,80,2480.0,50,0,0,0,BLE
315431,2,2402.0,50,0,0,0,BLE
315464,26,2426.0,50,0,0,0,BLE
315497,80,2480.0,50,0,0,0,BLE
316529,2,2402.0,50,1,2,0,BLE
316562,26,2426.0,50,0,0,0,BLE
316595,80,2480.0,50,0,0,0,BLE
317628,2,2402.0,50,0,0,0,BLE
317660,26,2426.0,50,0,0,0,BLE
317692,80,2480.0,50,1,2,0,BLE
318726,2,2402.0,50,2,4,0,BLE
318758,26,2426.0,50,1,2,0,BLE
318790,80,2480.0,50,0,0,0,BLE
319823,2,2402.0,50,0,0,0,BLE
319856,26,2426.0,50,1,2,0,BLE
319889,80,2480.0,50,0,0,0,BLE
320921,2,2402.0,50,0,0,0,BLE
320954,26,2426.0,50,1,2,0,BLE
320987,80,2480.0,50,0,0,0,BLE
322019,2,2402.0,50,0,0,0,BLE
322052,26,2426.0,50,0,0,0,BLE
322084,80,2480.0,50,1,2,0,BLE
323117,2,2402.0,50,1,2,0,BLE
323149,26,2426.0,50,2,4,0,BLE
323182,80,2480.0,50,0,0,0,BLE
324215,2,2402.0,50,0,0,0,BLE
324247,26,2426.0,50,0,0,0,BLE
324280,80,2480.0,50,1,2,0,BLE
325313,2,2402.0,50,2,4,0,BLE
325346,26,2426.0,50,1,2,0,BLE
325378,80,2480.0,50,0,0,0,BLE
326411,2,2402.0,50,1,2,0,BLE
326444,26,2426.0,50,0,0,0,BLE
326476,80,2480.0,50,1,2,0,BLE
328040,3,2403.0,50,2,4,0,BT
328199,8,2408.0,50,5,10,0,BT
328231,9,2409.0,50,1,2,0,BT
328263,10,2410.0,50,1,2,0,BT
328296,11,2411.0,50,4,8,0,BT
328360,13,2413.0,50,2,4,0,BT
328393,14,2414.0,50,3,6,0,BT
328426,15,2415.0,50,1,2,0,BT
328459,16,2416.0,50,1,2,0,BT
328522,18,2418.0,50,1,2,0,BT
328555,19,2419.0,50,1,2,0,BT
328650,22,2422.0,50,1,2,0,BT
328777,26,2426.0,50,1,2,0,BT
328873,29,2429.0,50,1,2,0,BT
328906,30,2430.0,50,1,2,0,BT
328970,32,2432.0,50,1,2,0,BT
329191,39,2439.0,50,1,2,0,BT
329255,41,2441.0,50,1,2,0,BT
329759,57,2457.0,50,1,2,0,BT
329792,58,2458.0,50,1,2,0,BT
329982,64,2464.0,50,1,2,0,BT
331643,8,2408.0,50,1,2,0,BT
331676,9,2409.0,50,3,6,0,BT
331771,12,2412.0,50,2,4,0,BT
331836,14,2414.0,50,1,2,0,BT
331869,15,2415.0,50,1,2,0,BT
331901,16,2416.0,50,3,6,0,BT
332028,20,2420.0,50,1,2,0,BT
332155,24,2424.0,50,1,2,0,BT
332219,26,2426.0,50,1,2,0,BT
332252,27,2427.0,50,1,2,0,BT
332348,30,2430.0,50,2,4,0,BT
332443,33,2433.0,50,1,2,0,BT
332790,44,2444.0,50,1,2,0,BT
333137,55,2455.0,50,1,2,0,BT
333515,67,2467.0,50,1,2,0,BT
333674,72,2472.0,50,1,2,0,BT
334927,3,2403.0,50,1,2,0,BT
334959,4,2404.0,50,1,2,0,BT
335055,7,2407.0,50,5,10,0,BT
335119,9,2409.0,50,1,2,0,BT
335152,10,2410.0,50,4,8,0,BT
335184,11,2411.0,50,1,2,0,BT
335249,13,2413.0,50,2,4,0,BT
335281,14,2414.0,50,4,8,0,BT
335313,15,2415.0,50,2,4,0,BT
335346,16,2416.0,50,1,2,0,BT
335379,17,2417.0,50,4,8,0,BT
335632,25,2425.0,50,1,2,0,BT
335665,26,2426.0,50,1,2,0,BT
336012,37,2437.0,50,2,4,0,BT
336045,38,2438.0,50,2,4,0,BT
338366,3,2403.0,50,1,2,0,BT
338399,4,2404.0,50,1,2,0,BT
338494,7,2407.0,50,2,4,0,BT
338558,9,2409.0,50,4,8,0,BT
338591,10,2410.0,50,1,2,0,BT
338655,12,2412.0,50,4,8,0,BT
338688,13,2413.0,50,2,4,0,BT
338752,15,2415.0,50,4,8,0,BT
338847,18,2418.0,50,4,8,0,BT
338912,20,2420.0,50,1,2,0,BT
339007,23,2423.0,50,1,2,0,BT
339040,24,2424.0,50,1,2,0,BT
339103,26,2426.0,50,1,2,0,BT
339200,29,2429.0,50,1,2,0,BT
339452,37,2437.0,50,5,10,0,BT
340648,75,2475.0,50,1,2,0,BT
340712,77,2477.0,50,1,2,0,BT
340745,78,2478.0,50,2,4,0,BT
341778,2,2402.0,50,1,2,0,BT
341873,5,2405.0,50,1,2,0,BT
341968,8,2408.0,50,1,2,0,BT
342033,10,2410.0,50,3,6,0,BT
342066,11,2411.0,50,1,2,0,BT
342097,12,2412.0,50,1,2,0,BT
342130,13,2413.0,50,4,8,0,BT
342226,16,2416.0,50,5,10,0,BT
342259,17,2417.0,50,1,2,0,BT
342291,18,2418.0,50,1,2,0,BT
342387,21,2421.0,50,1,2,0,BT
342451,23,2423.0,50,1,2,0,BT
342483,24,2424.0,50,1,2,0,BT
342516,25,2425.0,50,1,2,0,BT
342581,27,2427.0,50,1,2,0,BT
342614,28,2428.0,50,1,2,0,BT
342677,30,2430.0,50,1,2,0,BT
342898,37,2437.0,50,2,4,0,BT
343591,59,2459.0,50,1,2,0,BT
345253,3,2403.0,50,1,2,0,BT
345411,8,2408.0,50,3,6,0,BT
345476,10,2410.0,50,1,2,0,BT
345508,11,2411.0,50,4,8,0,BT
345572,13,2413.0,50,1,2,0,BT
345605,14,2414.0,50,4,8,0,BT
345637,15,2415.0,50,1,2,0,BT
345702,17,2417.0,50,4,8,0,BT
345765,19,2419.0,50,1,2,0,BT
346082,29,2429.0,50,1,2,0,BT
349155,12,2412.0,50,0,0,0,WIFI
349188,17,2417.0,50,4,8,0,WIFI
349220,22,2422.0,50,0,0,0,WIFI
349253,27,2427.0,50,1,2,0,WIFI
349286,32,2432.0,50,0,0,0,WIFI
349319,37,2437.0,50,0,0,0,WIFI
349351,42,2442.0,50,0,0,0,WIFI
349383,47,2447.0,50,0,0,0,WIFI
349416,52,2452.0,50,0,0,0,WIFI
349449,57,2457.0,50,2,4,0,WIFI
349481,62,2462.0,50,0,0,0,WIFI
349514,67,2467.0,50,0,0,0,WIFI
349547,72,2472.0,50,0,0,0,WIFI
350579,12,2412.0,50,1,2,0,WIFI
350612,17,2417.0,50,0,0,0,WIFI
350645,22,2422.0,50,0,0,0,WIFI
350678,27,2427.0,50,1,2,0,WIFI
350710,32,2432.0,50,0,0,0,WIFI
350743,37,2437.0,50,0,0,0,WIFI
350776,42,2442.0,50,0,0,0,WIFI
350809,47,2447.0,50,0,0,0,WIFI
350841,52,2452.0,50,0,0,0,WIFI
350873,57,2457.0,50,0,0,0,WIFI
350906,62,2462.0,50,0,0,0,WIFI
350939,67,2467.0,50,0,0,0,WIFI
350971,72,2472.0,50,0,0,0,WIFI
352005,12,2412.0,50,1,2,0,WIFI
352036,17,2417.0,50,0,0,0,WIFI
352069,22,2422.0,50,0,0,0,WIFI
352102,27,2427.0,50,0,0,0,WIFI
352135,32,2432.0,50,0,0,0,WIFI
352167,37,2437.0,50,1,2,0,WIFI
352200,42,2442.0,50,0,0,0,WIFI
352233,47,2447.0,50,0,0,0,WIFI
352266,52,2452.0,50,0,0,0,WIFI
352299,57,2457.0,50,0,0,0,WIFI
352330,62,2462.0,50,0,0,0,WIFI
352363,67,2467.0,50,0,0,0,WIFI
352396,72,2472.0,50,0,0,0,WIFI
353429,12,2412.0,50,0,0,0,WIFI
353462,17,2417.0,50,0,0,0,WIFI
353494,22,2422.0,50,0,0,0,WIFI
353526,27,2427.0,50,0,0,0,WIFI
353559,32,2432.0,50,0,0,0,WIFI
353592,37,2437.0,50,3,6,0,WIFI
353625,42,2442.0,50,0,0,0,WIFI
353657,47,2447.0,50,0,0,0,WIFI
353690,52,2452.0,50,0,0,0,WIFI
353723,57,2457.0,50,0,0,0,WIFI
353756,62,2462.0,50,1,2,0,WIFI
353787,67,2467.0,50,0,0,0,WIFI
353820,72,2472.0,50,0,0,0,WIFI
354853,12,2412.0,50,0,0,0,WIFI
354886,17,2417.0,50,2,4,0,WIFI
354919,22,2422.0,50,0,0,0,WIFI
354952,27,2427.0,50,0,0,0,WIFI
354983,32,2432.0,50,0,0,0,WIFI
355016,37,2437.0,50,0,0,0,WIFI
355049,42,2442.0,50,0,0,0,WIFI
355082,47,2447.0,50,0,0,0,WIFI
355115,52,2452.0,50,1,2,0,WIFI
355147,57,2457.0,50,0,0,0,WIFI
355180,62,2462.0,50,0,0,0,WIFI
355213,67,2467.0,50,0,0,0,WIFI
355246,72,2472.0,50,0,0,0,WIFI
356278,12,2412.0,50,1,2,0,WIFI
356311,17,2417.0,50,0,0,0,WIFI
356343,22,2422.0,50,0,0,0,WIFI
356376,27,2427.0,50,0,0,0,WIFI
356409,32,2432.0,50,0,0,0,WIFI
356441,37,2437.0,50,2,4,0,WIFI
356473,42,2442.0,50,0,0,0,WIFI
356506,47,2447.0,50,0,0,0,WIFI
356539,52,2452.0,50,0,0,0,WIFI
356572,57,2457.0,50,2,4,0,WIFI
356604,62,2462.0,50,0,0,0,WIFI
356637,67,2467.0,50,0,0,0,WIFI
356670,72,2472.0,50,0,0,0,WIFI
357702,12,2412.0,50,3,6,0,WIFI
357735,17,2417.0,50,0,0,0,WIFI
357768,22,2422.0,50,0,0,0,WIFI
357800,27,2427.0,50,1,2,0,WIFI
357833,32,2432.0,50,0,0,0,WIFI
357866,37,2437.0,50,3,6,0,WIFI
357899,42,2442.0,50,0,0,0,WIFI
357931,47,2447.0,50,0,0,0,WIFI
357963,52,2452.0,50,0,0,0,WIFI
357996,57,2457.0,50,0,0,0,WIFI
358029,62,2462.0,50,0,0,0,WIFI
358062,67,2467.0,50,0,0,0,WIFI
358094,72,2472.0,50,0,0,0,WIFI
359127,12,2412.0,50,4,8,0,WIFI
359159,17,2417.0,50,1,2,0,WIFI
359192,22,2422.0,50,0,0,0,WIFI
359225,27,2427.0,50,0,0,0,WIFI
359258,32,2432.0,50,0,0,0,WIFI
359290,37,2437.0,50,0,0,0,WIFI
359323,42,2442.0,50,0,0,0,WIFI
359356,47,2447.0,50,0,0,0,WIFI
359388,52,2452.0,50,0,0,0,WIFI
359420,57,2457.0,50,0,0,0,WIFI
359453,62,2462.0,50,0,0,0,WIFI
359486,67,2467.0,50,0,0,0,WIFI
359519,72,2472.0,50,0,0,0,WIFI
360552,12,2412.0,50,3,6,0,WIFI
360584,17,2417.0,50,0,0,0,WIFI
360616,22,2422.0,50,1,2,0,WIFI
360649,27,2427.0,50,1,2,0,WIFI
360682,32,2432.0,50,0,0,0,WIFI
360715,37,2437.0,50,0,0,0,WIFI
360748,42,2442.0,50,4,8,0,WIFI
360780,47,2447.0,50,0,0,0,WIFI
360813,52,2452.0,50,0,0,0,WIFI
360846,57,2457.0,50,0,0,0,WIFI
360878,62,2462.0,50,0,0,0,WIFI
360910,67,2467.0,50,0,0,0,WIFI
360943,72,2472.0,50,0,0,0,WIFI
361976,12,2412.0,50,0,0,0,WIFI
362009,17,2417.0,50,3,6,0,WIFI
362041,22,2422.0,50,0,0,0,WIFI
362074,27,2427.0,50,0,0,0,WIFI